datahora,Qgr5
2019-03-05T00:00:00+00:00,85.136
2019-03-05T06:00:00+00:00,67.045
2019-03-05T12:00:00+00:00,55.330
2019-03-05T18:00:00+00:00,46.938
2019-03-06T00:00:00+00:00,40.676
2019-03-06T06:00:00+00:00,35.845
2019-03-06T12:00:00+00:00,33.103
2019-03-06T18:00:00+00:00,35.459
2019-03-07T00:00:00+00:00,39.008
2019-03-07T06:00:00+00:00,37.120
2019-03-07T12:00:00+00:00,43.261
2019-03-07T18:00:00+00:00,62.864
2019-03-08T00:00:00+00:00,78.434
2019-03-08T06:00:00+00:00,64.307
2019-03-08T12:00:00+00:00,53.723
2019-03-08T18:00:00+00:00,46.645
2019-03-09T00:00:00+00:00,42.144
2019-03-09T06:00:00+00:00,45.904
2019-03-09T12:00:00+00:00,52.718
2019-03-09T18:00:00+00:00,48.562
2019-03-10T00:00:00+00:00,47.424
2019-03-10T06:00:00+00:00,48.435
2019-03-10T12:00:00+00:00,41.212
2019-03-10T18:00:00+00:00,35.178
2019-03-11T00:00:00+00:00,31.611
2019-03-11T06:00:00+00:00,30.882
2019-03-11T12:00:00+00:00,30.630
2019-03-11T18:00:00+00:00,27.626
2019-03-12T00:00:00+00:00,24.926
2019-03-12T06:00:00+00:00,22.943
2019-03-12T12:00:00+00:00,21.460
2019-03-12T18:00:00+00:00,20.176
2019-03-13T00:00:00+00:00,19.050
2019-03-13T06:00:00+00:00,18.057
2019-03-13T12:00:00+00:00,17.180
2019-03-13T18:00:00+00:00,16.398
2019-03-14T00:00:00+00:00,15.929
2019-03-14T06:00:00+00:00,16.260
2019-03-14T12:00:00+00:00,16.738
2019-03-14T18:00:00+00:00,15.735
2019-03-15T00:00:00+00:00,14.719
2019-03-15T06:00:00+00:00,14.021
2019-03-15T12:00:00+00:00,13.538
2019-03-15T18:00:00+00:00,14.108
2019-03-16T00:00:00+00:00,19.237
2019-03-16T06:00:00+00:00,29.824
2019-03-16T12:00:00+00:00,33.861
2019-03-16T18:00:00+00:00,28.147
2019-03-17T00:00:00+00:00,24.064
2019-03-17T06:00:00+00:00,23.223
2019-03-17T12:00:00+00:00,22.990
2019-03-17T18:00:00+00:00,21.160
2019-03-18T00:00:00+00:00,20.022
2019-03-18T06:00:00+00:00,20.938
2019-03-18T12:00:00+00:00,22.358
2019-03-18T18:00:00+00:00,20.572
2019-03-19T00:00:00+00:00,18.681
2019-03-19T06:00:00+00:00,17.422
2019-03-19T12:00:00+00:00,16.604
2019-03-19T18:00:00+00:00,15.886
2019-03-20T00:00:00+00:00,15.958
2019-03-20T06:00:00+00:00,18.411
2019-03-20T12:00:00+00:00,21.347
2019-03-20T18:00:00+00:00,19.363
2019-03-21T00:00:00+00:00,18.713
2019-03-21T06:00:00+00:00,24.078
2019-03-21T12:00:00+00:00,31.236
2019-03-21T18:00:00+00:00,27.154
2019-03-22T00:00:00+00:00,22.898
2019-03-22T06:00:00+00:00,20.536
2019-03-22T12:00:00+00:00,19.381
2019-03-22T18:00:00+00:00,18.352
2019-03-23T00:00:00+00:00,17.437
2019-03-23T06:00:00+00:00,16.627
2019-03-23T12:00:00+00:00,15.906
2019-03-23T18:00:00+00:00,15.258
2019-03-24T00:00:00+00:00,14.669
2019-03-24T06:00:00+00:00,14.134
2019-03-24T12:00:00+00:00,13.649
2019-03-24T18:00:00+00:00,13.204
2019-03-25T00:00:00+00:00,12.793
2019-03-25T06:00:00+00:00,12.413
2019-03-25T12:00:00+00:00,12.065
2019-03-25T18:00:00+00:00,11.742
2019-03-26T00:00:00+00:00,11.444
2019-03-26T06:00:00+00:00,11.177
2019-03-26T12:00:00+00:00,10.934
2019-03-26T18:00:00+00:00,10.681
2019-03-27T00:00:00+00:00,10.440
2019-03-27T06:00:00+00:00,10.219
2019-03-27T12:00:00+00:00,10.016
2019-03-27T18:00:00+00:00,9.825
2019-03-28T00:00:00+00:00,9.642
2019-03-28T06:00:00+00:00,9.470
2019-03-28T12:00:00+00:00,9.308
2019-03-28T18:00:00+00:00,9.155
2019-03-29T00:00:00+00:00,9.008
2019-03-29T06:00:00+00:00,8.868
2019-03-29T12:00:00+00:00,8.737
2019-03-29T18:00:00+00:00,8.612
2019-03-30T00:00:00+00:00,8.490
2019-03-30T06:00:00+00:00,8.374
2019-03-30T12:00:00+00:00,8.265
2019-03-30T18:00:00+00:00,8.160
2019-03-31T00:00:00+00:00,8.058
2019-03-31T06:00:00+00:00,7.959
2019-03-31T12:00:00+00:00,7.867
2019-03-31T18:00:00+00:00,7.778
2019-04-01T00:00:00+00:00,7.690
2019-04-01T06:00:00+00:00,7.606
2019-04-01T12:00:00+00:00,7.526
2019-04-01T18:00:00+00:00,7.450
2019-04-02T00:00:00+00:00,7.373
2019-04-02T06:00:00+00:00,7.299
2019-04-02T12:00:00+00:00,7.229
2019-04-02T18:00:00+00:00,7.162
2019-04-03T00:00:00+00:00,7.096
2019-04-03T06:00:00+00:00,7.031
2019-04-03T12:00:00+00:00,6.970
2019-04-03T18:00:00+00:00,6.911
2019-04-04T00:00:00+00:00,6.852
2019-04-04T06:00:00+00:00,6.795
2019-04-04T12:00:00+00:00,6.741
2019-04-04T18:00:00+00:00,6.688
2019-04-05T00:00:00+00:00,6.636
2019-04-05T06:00:00+00:00,6.584
2019-04-05T12:00:00+00:00,6.536
2019-04-05T18:00:00+00:00,6.488
2019-04-06T00:00:00+00:00,6.459
2019-04-06T06:00:00+00:00,6.493
2019-04-06T12:00:00+00:00,6.563
2019-04-06T18:00:00+00:00,6.514
2019-04-07T00:00:00+00:00,6.408
2019-04-07T06:00:00+00:00,6.349
2019-04-07T12:00:00+00:00,6.445
2019-04-07T18:00:00+00:00,6.861
2019-04-08T00:00:00+00:00,7.340
2019-04-08T06:00:00+00:00,7.016
2019-04-08T12:00:00+00:00,6.664
2019-04-08T18:00:00+00:00,6.490
2019-04-09T00:00:00+00:00,6.431
2019-04-09T06:00:00+00:00,6.377
2019-04-09T12:00:00+00:00,6.328
2019-04-09T18:00:00+00:00,6.281
2019-04-10T00:00:00+00:00,6.253
2019-04-10T06:00:00+00:00,6.285
2019-04-10T12:00:00+00:00,6.329
2019-04-10T18:00:00+00:00,6.238
2019-04-11T00:00:00+00:00,6.141
2019-04-11T06:00:00+00:00,6.076
2019-04-11T12:00:00+00:00,6.033
2019-04-11T18:00:00+00:00,5.992
2019-04-12T00:00:00+00:00,5.950
2019-04-12T06:00:00+00:00,5.909
2019-04-12T12:00:00+00:00,5.870
2019-04-12T18:00:00+00:00,5.833
2019-04-13T00:00:00+00:00,5.795
2019-04-13T06:00:00+00:00,5.757
2019-04-13T12:00:00+00:00,5.722
2019-04-13T18:00:00+00:00,5.688
2019-04-14T00:00:00+00:00,5.653
2019-04-14T06:00:00+00:00,5.633
2019-04-14T12:00:00+00:00,5.661
2019-04-14T18:00:00+00:00,5.698
2019-04-15T00:00:00+00:00,5.627
2019-04-15T06:00:00+00:00,5.553
2019-04-15T12:00:00+00:00,5.505
2019-04-15T18:00:00+00:00,5.474
2019-04-16T00:00:00+00:00,5.443
2019-04-16T06:00:00+00:00,5.412
2019-04-16T12:00:00+00:00,5.382
2019-04-16T18:00:00+00:00,5.354
2019-04-17T00:00:00+00:00,5.458
2019-04-17T06:00:00+00:00,5.966
2019-04-17T12:00:00+00:00,6.572
2019-04-17T18:00:00+00:00,6.245
2019-04-18T00:00:00+00:00,5.821
2019-04-18T06:00:00+00:00,5.620
2019-04-18T12:00:00+00:00,5.572
2019-04-18T18:00:00+00:00,5.533
2019-04-19T00:00:00+00:00,5.495
2019-04-19T06:00:00+00:00,5.457
2019-04-19T12:00:00+00:00,5.422
2019-04-19T18:00:00+00:00,5.387
2019-04-20T00:00:00+00:00,5.352
2019-04-20T06:00:00+00:00,5.317
2019-04-20T12:00:00+00:00,5.285
2019-04-20T18:00:00+00:00,5.253
2019-04-21T00:00:00+00:00,5.220
2019-04-21T06:00:00+00:00,5.189
2019-04-21T12:00:00+00:00,5.159
2019-04-21T18:00:00+00:00,5.130
2019-04-22T00:00:00+00:00,5.100
2019-04-22T06:00:00+00:00,5.071
2019-04-22T12:00:00+00:00,5.044
2019-04-22T18:00:00+00:00,5.017
2019-04-23T00:00:00+00:00,4.991
2019-04-23T06:00:00+00:00,4.970
2019-04-23T12:00:00+00:00,4.951
2019-04-23T18:00:00+00:00,4.923
2019-04-24T00:00:00+00:00,4.893
2019-04-24T06:00:00+00:00,4.867
2019-04-24T12:00:00+00:00,4.843
2019-04-24T18:00:00+00:00,4.819
2019-04-25T00:00:00+00:00,4.796
2019-04-25T06:00:00+00:00,4.772
2019-04-25T12:00:00+00:00,4.750
2019-04-25T18:00:00+00:00,4.728
2019-04-26T00:00:00+00:00,4.731
2019-04-26T06:00:00+00:00,4.806
2019-04-26T12:00:00+00:00,4.896
2019-04-26T18:00:00+00:00,4.812
2019-04-27T00:00:00+00:00,4.864
2019-04-27T06:00:00+00:00,5.391
2019-04-27T12:00:00+00:00,6.032
2019-04-27T18:00:00+00:00,5.644
2019-04-28T00:00:00+00:00,5.463
2019-04-28T06:00:00+00:00,6.359
2019-04-28T12:00:00+00:00,7.954
2019-04-28T18:00:00+00:00,10.730
2019-04-29T00:00:00+00:00,21.446
2019-04-29T06:00:00+00:00,34.223
2019-04-29T12:00:00+00:00,27.316
2019-04-29T18:00:00+00:00,20.346
2019-04-30T00:00:00+00:00,17.171
2019-04-30T06:00:00+00:00,16.185
2019-04-30T12:00:00+00:00,15.342
2019-04-30T18:00:00+00:00,14.590
2019-05-01T00:00:00+00:00,13.913
2019-05-01T06:00:00+00:00,13.302
2019-05-01T12:00:00+00:00,12.750
2019-05-01T18:00:00+00:00,12.248
2019-05-02T00:00:00+00:00,11.789
2019-05-02T06:00:00+00:00,11.367
2019-05-02T12:00:00+00:00,10.981
2019-05-02T18:00:00+00:00,10.625
2019-05-03T00:00:00+00:00,10.295
2019-05-03T06:00:00+00:00,9.989
2019-05-03T12:00:00+00:00,9.706
2019-05-03T18:00:00+00:00,9.442
2019-05-04T00:00:00+00:00,9.195
2019-05-04T06:00:00+00:00,8.963
2019-05-04T12:00:00+00:00,8.747
2019-05-04T18:00:00+00:00,8.545
2019-05-05T00:00:00+00:00,8.353
2019-05-05T06:00:00+00:00,8.173
2019-05-05T12:00:00+00:00,8.004
2019-05-05T18:00:00+00:00,7.845
2019-05-06T00:00:00+00:00,7.693
2019-05-06T06:00:00+00:00,7.549
2019-05-06T12:00:00+00:00,7.414
2019-05-06T18:00:00+00:00,7.285
2019-05-07T00:00:00+00:00,7.175
2019-05-07T06:00:00+00:00,7.112
2019-05-07T12:00:00+00:00,7.060
2019-05-07T18:00:00+00:00,6.956
2019-05-08T00:00:00+00:00,7.406
2019-05-08T06:00:00+00:00,9.310
2019-05-08T12:00:00+00:00,11.309
2019-05-08T18:00:00+00:00,10.036
2019-05-09T00:00:00+00:00,8.675
2019-05-09T06:00:00+00:00,8.060
2019-05-09T12:00:00+00:00,7.889
2019-05-09T18:00:00+00:00,7.734
2019-05-10T00:00:00+00:00,7.586
2019-05-10T06:00:00+00:00,7.446
2019-05-10T12:00:00+00:00,7.314
2019-05-10T18:00:00+00:00,7.189
2019-05-11T00:00:00+00:00,7.069
2019-05-11T06:00:00+00:00,7.354
2019-05-11T12:00:00+00:00,8.959
2019-05-11T18:00:00+00:00,11.104
2019-05-12T00:00:00+00:00,10.637
2019-05-12T06:00:00+00:00,10.185
2019-05-12T12:00:00+00:00,11.055
2019-05-12T18:00:00+00:00,11.315
2019-05-13T00:00:00+00:00,10.222
2019-05-13T06:00:00+00:00,9.348
2019-05-13T12:00:00+00:00,8.936
2019-05-13T18:00:00+00:00,8.717
2019-05-14T00:00:00+00:00,8.512
2019-05-14T06:00:00+00:00,8.320
2019-05-14T12:00:00+00:00,8.140
2019-05-14T18:00:00+00:00,7.970
2019-05-15T00:00:00+00:00,7.809
2019-05-15T06:00:00+00:00,7.657
2019-05-15T12:00:00+00:00,7.513
2019-05-15T18:00:00+00:00,7.377
2019-05-16T00:00:00+00:00,7.247
2019-05-16T06:00:00+00:00,7.124
2019-05-16T12:00:00+00:00,7.007
2019-05-16T18:00:00+00:00,6.896
2019-05-17T00:00:00+00:00,6.789
2019-05-17T06:00:00+00:00,6.687
2019-05-17T12:00:00+00:00,6.591
2019-05-17T18:00:00+00:00,6.498
2019-05-18T00:00:00+00:00,6.409
2019-05-18T06:00:00+00:00,6.324
2019-05-18T12:00:00+00:00,6.243
2019-05-18T18:00:00+00:00,6.165
2019-05-19T00:00:00+00:00,6.090
2019-05-19T06:00:00+00:00,6.018
2019-05-19T12:00:00+00:00,5.950
2019-05-19T18:00:00+00:00,5.884
2019-05-20T00:00:00+00:00,5.820
2019-05-20T06:00:00+00:00,5.758
2019-05-20T12:00:00+00:00,5.699
2019-05-20T18:00:00+00:00,5.642
2019-05-21T00:00:00+00:00,5.586
2019-05-21T06:00:00+00:00,5.532
2019-05-21T12:00:00+00:00,5.481
2019-05-21T18:00:00+00:00,5.431
2019-05-22T00:00:00+00:00,5.383
2019-05-22T06:00:00+00:00,5.336
2019-05-22T12:00:00+00:00,5.291
2019-05-22T18:00:00+00:00,5.247
2019-05-23T00:00:00+00:00,5.204
2019-05-23T06:00:00+00:00,5.163
2019-05-23T12:00:00+00:00,5.171
2019-05-23T18:00:00+00:00,5.407
2019-05-24T00:00:00+00:00,6.680
2019-05-24T06:00:00+00:00,11.357
2019-05-24T12:00:00+00:00,20.964
2019-05-24T18:00:00+00:00,26.261
2019-05-25T00:00:00+00:00,20.467
2019-05-25T06:00:00+00:00,15.727
2019-05-25T12:00:00+00:00,13.818
2019-05-25T18:00:00+00:00,13.195
2019-05-26T00:00:00+00:00,12.643
2019-05-26T06:00:00+00:00,12.141
2019-05-26T12:00:00+00:00,11.683
2019-05-26T18:00:00+00:00,11.264
2019-05-27T00:00:00+00:00,10.878
2019-05-27T06:00:00+00:00,10.522
2019-05-27T12:00:00+00:00,10.193
2019-05-27T18:00:00+00:00,9.890
2019-05-28T00:00:00+00:00,9.607
2019-05-28T06:00:00+00:00,9.344
2019-05-28T12:00:00+00:00,9.099
2019-05-28T18:00:00+00:00,9.114
2019-05-29T00:00:00+00:00,10.170
2019-05-29T06:00:00+00:00,12.383
2019-05-29T12:00:00+00:00,13.466
2019-05-29T18:00:00+00:00,12.578
2019-05-30T00:00:00+00:00,11.140
2019-05-30T06:00:00+00:00,10.301
2019-05-30T12:00:00+00:00,9.895
2019-05-30T18:00:00+00:00,9.614
2019-05-31T00:00:00+00:00,9.426
2019-05-31T06:00:00+00:00,9.476
2019-05-31T12:00:00+00:00,9.577
2019-05-31T18:00:00+00:00,9.210
2019-06-01T00:00:00+00:00,9.219
2019-06-01T06:00:00+00:00,10.874
2019-06-01T12:00:00+00:00,13.982
2019-06-01T18:00:00+00:00,15.095
2019-06-02T00:00:00+00:00,14.784
2019-06-02T06:00:00+00:00,14.985
2019-06-02T12:00:00+00:00,15.505
2019-06-02T18:00:00+00:00,17.095
2019-06-03T00:00:00+00:00,20.698
2019-06-03T06:00:00+00:00,26.053
2019-06-03T12:00:00+00:00,37.449
2019-06-03T18:00:00+00:00,41.639
2019-06-04T00:00:00+00:00,33.784
2019-06-04T06:00:00+00:00,27.657
2019-06-04T12:00:00+00:00,24.566
2019-06-04T18:00:00+00:00,22.660
2019-06-05T00:00:00+00:00,21.016
2019-06-05T06:00:00+00:00,19.597
2019-06-05T12:00:00+00:00,18.365
2019-06-05T18:00:00+00:00,17.311
2019-06-06T00:00:00+00:00,16.381
2019-06-06T06:00:00+00:00,15.554
2019-06-06T12:00:00+00:00,14.817
2019-06-06T18:00:00+00:00,14.154
2019-06-07T00:00:00+00:00,13.556
2019-06-07T06:00:00+00:00,13.013
2019-06-07T12:00:00+00:00,12.520
2019-06-07T18:00:00+00:00,12.070
2019-06-08T00:00:00+00:00,11.657
2019-06-08T06:00:00+00:00,11.277
2019-06-08T12:00:00+00:00,10.928
2019-06-08T18:00:00+00:00,10.605
2019-06-09T00:00:00+00:00,10.304
2019-06-09T06:00:00+00:00,10.025
2019-06-09T12:00:00+00:00,9.766
2019-06-09T18:00:00+00:00,9.524
2019-06-10T00:00:00+00:00,9.297
2019-06-10T06:00:00+00:00,9.084
2019-06-10T12:00:00+00:00,8.886
2019-06-10T18:00:00+00:00,8.699
2019-06-11T00:00:00+00:00,8.522
2019-06-11T06:00:00+00:00,8.355
2019-06-11T12:00:00+00:00,8.198
2019-06-11T18:00:00+00:00,8.050
2019-06-12T00:00:00+00:00,7.909
2019-06-12T06:00:00+00:00,7.774
2019-06-12T12:00:00+00:00,7.648
2019-06-12T18:00:00+00:00,7.528
2019-06-13T00:00:00+00:00,7.412
2019-06-13T06:00:00+00:00,7.303
2019-06-13T12:00:00+00:00,7.199
2019-06-13T18:00:00+00:00,7.100
2019-06-14T00:00:00+00:00,7.004
2019-06-14T06:00:00+00:00,6.912
2019-06-14T12:00:00+00:00,6.826
2019-06-14T18:00:00+00:00,6.743
2019-06-15T00:00:00+00:00,6.662
2019-06-15T06:00:00+00:00,6.585
2019-06-15T12:00:00+00:00,6.512
2019-06-15T18:00:00+00:00,6.442
2019-06-16T00:00:00+00:00,6.373
2019-06-16T06:00:00+00:00,6.307
2019-06-16T12:00:00+00:00,6.244
2019-06-16T18:00:00+00:00,6.184
2019-06-17T00:00:00+00:00,6.124
2019-06-17T06:00:00+00:00,6.067
2019-06-17T12:00:00+00:00,6.013
2019-06-17T18:00:00+00:00,5.960
2019-06-18T00:00:00+00:00,5.909
2019-06-18T06:00:00+00:00,5.858
2019-06-18T12:00:00+00:00,5.811
2019-06-18T18:00:00+00:00,5.765
2019-06-19T00:00:00+00:00,5.719
2019-06-19T06:00:00+00:00,5.676
2019-06-19T12:00:00+00:00,5.634
2019-06-19T18:00:00+00:00,5.593
2019-06-20T00:00:00+00:00,5.553
2019-06-20T06:00:00+00:00,5.514
2019-06-20T12:00:00+00:00,5.477
2019-06-20T18:00:00+00:00,5.441
2019-06-21T00:00:00+00:00,5.406
2019-06-21T06:00:00+00:00,5.371
2019-06-21T12:00:00+00:00,5.338
2019-06-21T18:00:00+00:00,5.306
2019-06-22T00:00:00+00:00,5.274
2019-06-22T06:00:00+00:00,5.243
2019-06-22T12:00:00+00:00,5.213
2019-06-22T18:00:00+00:00,5.184
2019-06-23T00:00:00+00:00,5.155
2019-06-23T06:00:00+00:00,5.127
2019-06-23T12:00:00+00:00,5.099
2019-06-23T18:00:00+00:00,5.073
2019-06-24T00:00:00+00:00,5.047
2019-06-24T06:00:00+00:00,5.021
2019-06-24T12:00:00+00:00,4.996
2019-06-24T18:00:00+00:00,4.972
2019-06-25T00:00:00+00:00,4.948
2019-06-25T06:00:00+00:00,4.925
2019-06-25T12:00:00+00:00,4.902
2019-06-25T18:00:00+00:00,4.880
2019-06-26T00:00:00+00:00,4.857
2019-06-26T06:00:00+00:00,4.836
2019-06-26T12:00:00+00:00,4.815
2019-06-26T18:00:00+00:00,4.820
2019-06-27T00:00:00+00:00,4.941
2019-06-27T06:00:00+00:00,5.197
2019-06-27T12:00:00+00:00,5.312
2019-06-27T18:00:00+00:00,5.142
2019-06-28T00:00:00+00:00,4.965
2019-06-28T06:00:00+00:00,4.883
2019-06-28T12:00:00+00:00,4.854
2019-06-28T18:00:00+00:00,4.831
2019-06-29T00:00:00+00:00,4.808
2019-06-29T06:00:00+00:00,4.786
2019-06-29T12:00:00+00:00,4.765
2019-06-29T18:00:00+00:00,4.744
2019-06-30T00:00:00+00:00,4.723
2019-06-30T06:00:00+00:00,4.703
2019-06-30T12:00:00+00:00,4.683
2019-06-30T18:00:00+00:00,4.664
2019-07-01T00:00:00+00:00,4.644
2019-07-01T06:00:00+00:00,4.625
2019-07-01T12:00:00+00:00,4.606
2019-07-01T18:00:00+00:00,4.589
2019-07-02T00:00:00+00:00,4.570
2019-07-02T06:00:00+00:00,4.552
2019-07-02T12:00:00+00:00,4.535
2019-07-02T18:00:00+00:00,4.519
2019-07-03T00:00:00+00:00,4.502
2019-07-03T06:00:00+00:00,4.485
2019-07-03T12:00:00+00:00,4.469
2019-07-03T18:00:00+00:00,5.105
2019-07-04T00:00:00+00:00,7.763
2019-07-04T06:00:00+00:00,11.638
2019-07-04T12:00:00+00:00,12.760
2019-07-04T18:00:00+00:00,14.884
2019-07-05T00:00:00+00:00,14.043
2019-07-05T06:00:00+00:00,12.533
2019-07-05T12:00:00+00:00,14.457
2019-07-05T18:00:00+00:00,17.961
2019-07-06T00:00:00+00:00,16.302
2019-07-06T06:00:00+00:00,13.864
2019-07-06T12:00:00+00:00,12.509
2019-07-06T18:00:00+00:00,11.949
2019-07-07T00:00:00+00:00,11.513
2019-07-07T06:00:00+00:00,11.113
2019-07-07T12:00:00+00:00,10.746
2019-07-07T18:00:00+00:00,10.408
2019-07-08T00:00:00+00:00,10.093
2019-07-08T06:00:00+00:00,9.802
2019-07-08T12:00:00+00:00,9.531
2019-07-08T18:00:00+00:00,9.279
2019-07-09T00:00:00+00:00,9.043
2019-07-09T06:00:00+00:00,8.822
2019-07-09T12:00:00+00:00,8.616
2019-07-09T18:00:00+00:00,8.422
2019-07-10T00:00:00+00:00,8.239
2019-07-10T06:00:00+00:00,8.067
2019-07-10T12:00:00+00:00,7.905
2019-07-10T18:00:00+00:00,7.752
2019-07-11T00:00:00+00:00,7.606
2019-07-11T06:00:00+00:00,7.468
2019-07-11T12:00:00+00:00,7.337
2019-07-11T18:00:00+00:00,7.213
2019-07-12T00:00:00+00:00,7.095
2019-07-12T06:00:00+00:00,6.982
2019-07-12T12:00:00+00:00,6.875
2019-07-12T18:00:00+00:00,6.774
2019-07-13T00:00:00+00:00,6.676
2019-07-13T06:00:00+00:00,6.582
2019-07-13T12:00:00+00:00,6.493
2019-07-13T18:00:00+00:00,6.408
2019-07-14T00:00:00+00:00,6.326
2019-07-14T06:00:00+00:00,6.247
2019-07-14T12:00:00+00:00,6.172
2019-07-14T18:00:00+00:00,6.099
2019-07-15T00:00:00+00:00,6.029
2019-07-15T06:00:00+00:00,5.962
2019-07-15T12:00:00+00:00,5.897
2019-07-15T18:00:00+00:00,5.835
2019-07-16T00:00:00+00:00,5.968
2019-07-16T06:00:00+00:00,6.690
2019-07-16T12:00:00+00:00,7.539
2019-07-16T18:00:00+00:00,7.033
2019-07-17T00:00:00+00:00,6.427
2019-07-17T06:00:00+00:00,6.140
2019-07-17T12:00:00+00:00,6.059
2019-07-17T18:00:00+00:00,5.990
2019-07-18T00:00:00+00:00,5.922
2019-07-18T06:00:00+00:00,5.857
2019-07-18T12:00:00+00:00,5.794
2019-07-18T18:00:00+00:00,5.734
2019-07-19T00:00:00+00:00,5.676
2019-07-19T06:00:00+00:00,5.620
2019-07-19T12:00:00+00:00,5.566
2019-07-19T18:00:00+00:00,5.514
2019-07-20T00:00:00+00:00,5.463
2019-07-20T06:00:00+00:00,5.413
2019-07-20T12:00:00+00:00,5.366
2019-07-20T18:00:00+00:00,5.320
2019-07-21T00:00:00+00:00,5.276
2019-07-21T06:00:00+00:00,5.232
2019-07-21T12:00:00+00:00,5.191
2019-07-21T18:00:00+00:00,5.150
2019-07-22T00:00:00+00:00,5.111
2019-07-22T06:00:00+00:00,5.072
2019-07-22T12:00:00+00:00,5.035
2019-07-22T18:00:00+00:00,4.999
2019-07-23T00:00:00+00:00,4.964
2019-07-23T06:00:00+00:00,4.929
2019-07-23T12:00:00+00:00,4.896
2019-07-23T18:00:00+00:00,4.864
2019-07-24T00:00:00+00:00,4.832
2019-07-24T06:00:00+00:00,4.800
2019-07-24T12:00:00+00:00,4.770
2019-07-24T18:00:00+00:00,4.741
2019-07-25T00:00:00+00:00,4.712
2019-07-25T06:00:00+00:00,4.684
2019-07-25T12:00:00+00:00,4.657
2019-07-25T18:00:00+00:00,4.631
2019-07-26T00:00:00+00:00,4.604
2019-07-26T06:00:00+00:00,4.578
2019-07-26T12:00:00+00:00,4.553
2019-07-26T18:00:00+00:00,4.529
2019-07-27T00:00:00+00:00,4.505
2019-07-27T06:00:00+00:00,4.481
2019-07-27T12:00:00+00:00,4.458
2019-07-27T18:00:00+00:00,4.436
2019-07-28T00:00:00+00:00,4.413
2019-07-28T06:00:00+00:00,4.391
2019-07-28T12:00:00+00:00,4.370
2019-07-28T18:00:00+00:00,4.349
2019-07-29T00:00:00+00:00,4.329
2019-07-29T06:00:00+00:00,4.308
2019-07-29T12:00:00+00:00,4.288
2019-07-29T18:00:00+00:00,4.269
2019-07-30T00:00:00+00:00,4.250
2019-07-30T06:00:00+00:00,4.231
2019-07-30T12:00:00+00:00,4.213
2019-07-30T18:00:00+00:00,4.195
2019-07-31T00:00:00+00:00,4.176
2019-07-31T06:00:00+00:00,4.158
2019-07-31T12:00:00+00:00,4.141
2019-07-31T18:00:00+00:00,4.125
2019-08-01T00:00:00+00:00,4.107
2019-08-01T06:00:00+00:00,4.091
2019-08-01T12:00:00+00:00,4.075
2019-08-01T18:00:00+00:00,4.059
2019-08-02T00:00:00+00:00,4.043
2019-08-02T06:00:00+00:00,4.027
2019-08-02T12:00:00+00:00,4.012
2019-08-02T18:00:00+00:00,3.998
2019-08-03T00:00:00+00:00,3.983
2019-08-03T06:00:00+00:00,3.968
2019-08-03T12:00:00+00:00,3.954
2019-08-03T18:00:00+00:00,3.940
2019-08-04T00:00:00+00:00,3.926
2019-08-04T06:00:00+00:00,3.913
2019-08-04T12:00:00+00:00,3.904
2019-08-04T18:00:00+00:00,3.897
2019-08-05T00:00:00+00:00,3.880
2019-08-05T06:00:00+00:00,3.863
2019-08-05T12:00:00+00:00,3.849
2019-08-05T18:00:00+00:00,3.836
2019-08-06T00:00:00+00:00,3.823
2019-08-06T06:00:00+00:00,3.810
2019-08-06T12:00:00+00:00,3.798
2019-08-06T18:00:00+00:00,3.786
2019-08-07T00:00:00+00:00,3.773
2019-08-07T06:00:00+00:00,3.761
2019-08-07T12:00:00+00:00,3.749
2019-08-07T18:00:00+00:00,3.737
2019-08-08T00:00:00+00:00,3.725
2019-08-08T06:00:00+00:00,3.713
2019-08-08T12:00:00+00:00,3.702
2019-08-08T18:00:00+00:00,3.691
2019-08-09T00:00:00+00:00,3.679
2019-08-09T06:00:00+00:00,3.668
2019-08-09T12:00:00+00:00,3.657
2019-08-09T18:00:00+00:00,3.646
2019-08-10T00:00:00+00:00,3.638
2019-08-10T06:00:00+00:00,3.637
2019-08-10T12:00:00+00:00,3.639
2019-08-10T18:00:00+00:00,3.621
2019-08-11T00:00:00+00:00,3.602
2019-08-11T06:00:00+00:00,3.588
2019-08-11T12:00:00+00:00,3.578
2019-08-11T18:00:00+00:00,3.567
2019-08-12T00:00:00+00:00,3.557
2019-08-12T06:00:00+00:00,3.546
2019-08-12T12:00:00+00:00,3.536
2019-08-12T18:00:00+00:00,3.526
2019-08-13T00:00:00+00:00,3.515
2019-08-13T06:00:00+00:00,3.505
2019-08-13T12:00:00+00:00,3.495
2019-08-13T18:00:00+00:00,3.486
2019-08-14T00:00:00+00:00,3.476
2019-08-14T06:00:00+00:00,3.466
2019-08-14T12:00:00+00:00,3.457
2019-08-14T18:00:00+00:00,3.447
2019-08-15T00:00:00+00:00,3.437
2019-08-15T06:00:00+00:00,3.428
2019-08-15T12:00:00+00:00,3.418
2019-08-15T18:00:00+00:00,3.410
2019-08-16T00:00:00+00:00,3.400
2019-08-16T06:00:00+00:00,3.391
2019-08-16T12:00:00+00:00,3.382
2019-08-16T18:00:00+00:00,3.374
2019-08-17T00:00:00+00:00,3.364
2019-08-17T06:00:00+00:00,3.355
2019-08-17T12:00:00+00:00,3.347
2019-08-17T18:00:00+00:00,3.338
2019-08-18T00:00:00+00:00,3.330
2019-08-18T06:00:00+00:00,3.321
2019-08-18T12:00:00+00:00,3.312
2019-08-18T18:00:00+00:00,3.304
2019-08-19T00:00:00+00:00,3.296
2019-08-19T06:00:00+00:00,3.287
2019-08-19T12:00:00+00:00,3.279
2019-08-19T18:00:00+00:00,3.271
2019-08-20T00:00:00+00:00,3.263
2019-08-20T06:00:00+00:00,3.255
2019-08-20T12:00:00+00:00,3.247
2019-08-20T18:00:00+00:00,3.239
2019-08-21T00:00:00+00:00,3.231
2019-08-21T06:00:00+00:00,3.223
2019-08-21T12:00:00+00:00,3.216
2019-08-21T18:00:00+00:00,3.208
2019-08-22T00:00:00+00:00,3.201
2019-08-22T06:00:00+00:00,3.193
2019-08-22T12:00:00+00:00,3.185
2019-08-22T18:00:00+00:00,3.178
2019-08-23T00:00:00+00:00,3.170
2019-08-23T06:00:00+00:00,3.162
2019-08-23T12:00:00+00:00,3.155
2019-08-23T18:00:00+00:00,3.148
2019-08-24T00:00:00+00:00,3.141
2019-08-24T06:00:00+00:00,3.133
2019-08-24T12:00:00+00:00,3.126
2019-08-24T18:00:00+00:00,3.119
2019-08-25T00:00:00+00:00,3.111
2019-08-25T06:00:00+00:00,3.104
2019-08-25T12:00:00+00:00,3.097
2019-08-25T18:00:00+00:00,3.090
2019-08-26T00:00:00+00:00,3.082
2019-08-26T06:00:00+00:00,3.074
2019-08-26T12:00:00+00:00,3.067
2019-08-26T18:00:00+00:00,3.061
2019-08-27T00:00:00+00:00,3.053
2019-08-27T06:00:00+00:00,3.046
2019-08-27T12:00:00+00:00,3.039
2019-08-27T18:00:00+00:00,3.032
2019-08-28T00:00:00+00:00,3.025
2019-08-28T06:00:00+00:00,3.018
2019-08-28T12:00:00+00:00,3.011
2019-08-28T18:00:00+00:00,3.004
2019-08-29T00:00:00+00:00,2.997
2019-08-29T06:00:00+00:00,2.990
2019-08-29T12:00:00+00:00,2.983
2019-08-29T18:00:00+00:00,2.977
2019-08-30T00:00:00+00:00,2.970
2019-08-30T06:00:00+00:00,2.962
2019-08-30T12:00:00+00:00,2.956
2019-08-30T18:00:00+00:00,2.949
2019-08-31T00:00:00+00:00,2.942
2019-08-31T06:00:00+00:00,2.935
2019-08-31T12:00:00+00:00,2.929
2019-08-31T18:00:00+00:00,2.940
2019-09-01T00:00:00+00:00,3.035
2019-09-01T06:00:00+00:00,3.235
2019-09-01T12:00:00+00:00,3.362
2019-09-01T18:00:00+00:00,3.546
2019-09-02T00:00:00+00:00,5.104
2019-09-02T06:00:00+00:00,9.354
2019-09-02T12:00:00+00:00,13.910
2019-09-02T18:00:00+00:00,12.737
2019-09-03T00:00:00+00:00,9.206
2019-09-03T06:00:00+00:00,7.243
2019-09-03T12:00:00+00:00,6.728
2019-09-03T18:00:00+00:00,6.578
2019-09-04T00:00:00+00:00,7.220
2019-09-04T06:00:00+00:00,10.328
2019-09-04T12:00:00+00:00,14.098
2019-09-04T18:00:00+00:00,12.080
2019-09-05T00:00:00+00:00,9.783
2019-09-05T06:00:00+00:00,8.723
2019-09-05T12:00:00+00:00,8.441
2019-09-05T18:00:00+00:00,8.194
2019-09-06T00:00:00+00:00,7.962
2019-09-06T06:00:00+00:00,7.744
2019-09-06T12:00:00+00:00,7.541
2019-09-06T18:00:00+00:00,7.350
2019-09-07T00:00:00+00:00,7.169
2019-09-07T06:00:00+00:00,6.999
2019-09-07T12:00:00+00:00,6.839
2019-09-07T18:00:00+00:00,6.688
2019-09-08T00:00:00+00:00,6.544
2019-09-08T06:00:00+00:00,6.407
2019-09-08T12:00:00+00:00,6.278
2019-09-08T18:00:00+00:00,6.156
2019-09-09T00:00:00+00:00,6.039
2019-09-09T06:00:00+00:00,5.927
2019-09-09T12:00:00+00:00,5.821
2019-09-09T18:00:00+00:00,5.720
2019-09-10T00:00:00+00:00,5.623
2019-09-10T06:00:00+00:00,5.530
2019-09-10T12:00:00+00:00,5.442
2019-09-10T18:00:00+00:00,5.357
2019-09-11T00:00:00+00:00,5.275
2019-09-11T06:00:00+00:00,5.196
2019-09-11T12:00:00+00:00,5.122
2019-09-11T18:00:00+00:00,5.050
2019-09-12T00:00:00+00:00,4.980
2019-09-12T06:00:00+00:00,4.913
2019-09-12T12:00:00+00:00,4.849
2019-09-12T18:00:00+00:00,4.787
2019-09-13T00:00:00+00:00,4.727
2019-09-13T06:00:00+00:00,4.668
2019-09-13T12:00:00+00:00,4.613
2019-09-13T18:00:00+00:00,4.559
2019-09-14T00:00:00+00:00,4.510
2019-09-14T06:00:00+00:00,4.474
2019-09-14T12:00:00+00:00,4.442
2019-09-14T18:00:00+00:00,4.385
2019-09-15T00:00:00+00:00,4.328
2019-09-15T06:00:00+00:00,4.279
2019-09-15T12:00:00+00:00,4.236
2019-09-15T18:00:00+00:00,4.195
2019-09-16T00:00:00+00:00,4.154
2019-09-16T06:00:00+00:00,4.114
2019-09-16T12:00:00+00:00,4.076
2019-09-16T18:00:00+00:00,4.039
2019-09-17T00:00:00+00:00,4.002
2019-09-17T06:00:00+00:00,3.967
2019-09-17T12:00:00+00:00,3.932
2019-09-17T18:00:00+00:00,3.899
2019-09-18T00:00:00+00:00,3.872
2019-09-18T06:00:00+00:00,3.861
2019-09-18T12:00:00+00:00,3.855
2019-09-18T18:00:00+00:00,3.811
2019-09-19T00:00:00+00:00,3.764
2019-09-19T06:00:00+00:00,3.729
2019-09-19T12:00:00+00:00,3.701
2019-09-19T18:00:00+00:00,3.674
2019-09-20T00:00:00+00:00,3.647
2019-09-20T06:00:00+00:00,3.622
2019-09-20T12:00:00+00:00,3.597
2019-09-20T18:00:00+00:00,3.573
2019-09-21T00:00:00+00:00,3.612
2019-09-21T06:00:00+00:00,3.838
2019-09-21T12:00:00+00:00,4.161
2019-09-21T18:00:00+00:00,4.195
2019-09-22T00:00:00+00:00,4.217
2019-09-22T06:00:00+00:00,3.965
2019-09-22T12:00:00+00:00,3.771
2019-09-22T18:00:00+00:00,3.678
2019-09-23T00:00:00+00:00,3.646
2019-09-23T06:00:00+00:00,3.618
2019-09-23T12:00:00+00:00,3.592
2019-09-23T18:00:00+00:00,3.566
2019-09-24T00:00:00+00:00,3.541
2019-09-24T06:00:00+00:00,3.517
2019-09-24T12:00:00+00:00,3.493
2019-09-24T18:00:00+00:00,3.470
2019-09-25T00:00:00+00:00,3.447
2019-09-25T06:00:00+00:00,3.525
2019-09-25T12:00:00+00:00,3.953
2019-09-25T18:00:00+00:00,4.617
2019-09-26T00:00:00+00:00,4.597
2019-09-26T06:00:00+00:00,4.099
2019-09-26T12:00:00+00:00,3.769
2019-09-26T18:00:00+00:00,3.668
2019-09-27T00:00:00+00:00,3.638
2019-09-27T06:00:00+00:00,3.611
2019-09-27T12:00:00+00:00,3.584
2019-09-27T18:00:00+00:00,3.558
2019-09-28T00:00:00+00:00,3.532
2019-09-28T06:00:00+00:00,3.507
2019-09-28T12:00:00+00:00,3.483
2019-09-28T18:00:00+00:00,3.459
2019-09-29T00:00:00+00:00,3.436
2019-09-29T06:00:00+00:00,3.412
2019-09-29T12:00:00+00:00,3.390
2019-09-29T18:00:00+00:00,3.369
2019-09-30T00:00:00+00:00,3.347
2019-09-30T06:00:00+00:00,3.326
2019-09-30T12:00:00+00:00,3.306
2019-09-30T18:00:00+00:00,3.286
2019-10-01T00:00:00+00:00,3.266
2019-10-01T06:00:00+00:00,3.247
2019-10-01T12:00:00+00:00,3.228
2019-10-01T18:00:00+00:00,3.210
2019-10-02T00:00:00+00:00,3.192
2019-10-02T06:00:00+00:00,3.174
2019-10-02T12:00:00+00:00,3.157
2019-10-02T18:00:00+00:00,3.140
2019-10-03T00:00:00+00:00,3.123
2019-10-03T06:00:00+00:00,3.246
2019-10-03T12:00:00+00:00,3.771
2019-10-03T18:00:00+00:00,4.739
2019-10-04T00:00:00+00:00,5.795
2019-10-04T06:00:00+00:00,7.123
2019-10-04T12:00:00+00:00,6.056
2019-10-04T18:00:00+00:00,4.829
2019-10-05T00:00:00+00:00,4.279
2019-10-05T06:00:00+00:00,4.195
2019-10-05T12:00:00+00:00,4.147
2019-10-05T18:00:00+00:00,4.102
2019-10-06T00:00:00+00:00,4.057
2019-10-06T06:00:00+00:00,4.017
2019-10-06T12:00:00+00:00,4.033
2019-10-06T18:00:00+00:00,4.183
2019-10-07T00:00:00+00:00,4.337
2019-10-07T06:00:00+00:00,4.235
2019-10-07T12:00:00+00:00,4.565
2019-10-07T18:00:00+00:00,5.900
2019-10-08T00:00:00+00:00,7.222
2019-10-08T06:00:00+00:00,6.346
2019-10-08T12:00:00+00:00,5.328
2019-10-08T18:00:00+00:00,4.842
2019-10-09T00:00:00+00:00,4.723
2019-10-09T06:00:00+00:00,4.645
2019-10-09T12:00:00+00:00,4.581
2019-10-09T18:00:00+00:00,4.519
2019-10-10T00:00:00+00:00,4.460
2019-10-10T06:00:00+00:00,4.402
2019-10-10T12:00:00+00:00,4.347
2019-10-10T18:00:00+00:00,4.294
2019-10-11T00:00:00+00:00,4.242
2019-10-11T06:00:00+00:00,4.192
2019-10-11T12:00:00+00:00,4.144
2019-10-11T18:00:00+00:00,4.098
2019-10-12T00:00:00+00:00,4.052
2019-10-12T06:00:00+00:00,4.008
2019-10-12T12:00:00+00:00,3.966
2019-10-12T18:00:00+00:00,3.926
2019-10-13T00:00:00+00:00,3.885
2019-10-13T06:00:00+00:00,3.847
2019-10-13T12:00:00+00:00,3.809
2019-10-13T18:00:00+00:00,3.773
2019-10-14T00:00:00+00:00,3.775
2019-10-14T06:00:00+00:00,3.896
2019-10-14T12:00:00+00:00,4.062
2019-10-14T18:00:00+00:00,3.965
2019-10-15T00:00:00+00:00,3.988
2019-10-15T06:00:00+00:00,4.639
2019-10-15T12:00:00+00:00,5.464
2019-10-15T18:00:00+00:00,4.918
2019-10-16T00:00:00+00:00,4.298
2019-10-16T06:00:00+00:00,4.032
2019-10-16T12:00:00+00:00,3.984
2019-10-16T18:00:00+00:00,3.942
2019-10-17T00:00:00+00:00,3.901
2019-10-17T06:00:00+00:00,3.864
2019-10-17T12:00:00+00:00,3.829
2019-10-17T18:00:00+00:00,3.789
2019-10-18T00:00:00+00:00,3.749
2019-10-18T06:00:00+00:00,3.712
2019-10-18T12:00:00+00:00,3.677
2019-10-18T18:00:00+00:00,3.643
2019-10-19T00:00:00+00:00,3.678
2019-10-19T06:00:00+00:00,4.135
2019-10-19T12:00:00+00:00,5.287
2019-10-19T18:00:00+00:00,6.082
2019-10-20T00:00:00+00:00,5.239
2019-10-20T06:00:00+00:00,4.445
2019-10-20T12:00:00+00:00,4.141
2019-10-20T18:00:00+00:00,4.088
2019-10-21T00:00:00+00:00,4.040
2019-10-21T06:00:00+00:00,4.063
2019-10-21T12:00:00+00:00,4.455
2019-10-21T18:00:00+00:00,5.385
2019-10-22T00:00:00+00:00,5.941
2019-10-22T06:00:00+00:00,5.295
2019-10-22T12:00:00+00:00,4.678
2019-10-22T18:00:00+00:00,4.404
2019-10-23T00:00:00+00:00,4.325
2019-10-23T06:00:00+00:00,4.263
2019-10-23T12:00:00+00:00,4.209
2019-10-23T18:00:00+00:00,4.157
2019-10-24T00:00:00+00:00,4.107
2019-10-24T06:00:00+00:00,4.058
2019-10-24T12:00:00+00:00,4.011
2019-10-24T18:00:00+00:00,3.965
2019-10-25T00:00:00+00:00,3.945
2019-10-25T06:00:00+00:00,3.994
2019-10-25T12:00:00+00:00,4.058
2019-10-25T18:00:00+00:00,3.954
2019-10-26T00:00:00+00:00,3.843
2019-10-26T06:00:00+00:00,3.777
2019-10-26T12:00:00+00:00,3.738
2019-10-26T18:00:00+00:00,3.701
2019-10-27T00:00:00+00:00,3.665
2019-10-27T06:00:00+00:00,3.630
2019-10-27T12:00:00+00:00,3.596
2019-10-27T18:00:00+00:00,3.563
2019-10-28T00:00:00+00:00,3.531
2019-10-28T06:00:00+00:00,3.674
2019-10-28T12:00:00+00:00,4.329
2019-10-28T18:00:00+00:00,5.189
2019-10-29T00:00:00+00:00,5.339
2019-10-29T06:00:00+00:00,6.222
2019-10-29T12:00:00+00:00,6.841
2019-10-29T18:00:00+00:00,5.843
2019-10-30T00:00:00+00:00,4.929
2019-10-30T06:00:00+00:00,4.575
2019-10-30T12:00:00+00:00,4.501
2019-10-30T18:00:00+00:00,4.436
2019-10-31T00:00:00+00:00,4.378
2019-10-31T06:00:00+00:00,4.335
2019-10-31T12:00:00+00:00,4.297
2019-10-31T18:00:00+00:00,4.230
2019-11-01T00:00:00+00:00,4.163
2019-11-01T06:00:00+00:00,4.106
2019-11-01T12:00:00+00:00,4.056
2019-11-01T18:00:00+00:00,4.007
2019-11-02T00:00:00+00:00,3.960
2019-11-02T06:00:00+00:00,3.914
2019-11-02T12:00:00+00:00,3.870
2019-11-02T18:00:00+00:00,3.828
2019-11-03T00:00:00+00:00,3.786
2019-11-03T06:00:00+00:00,3.745
2019-11-03T12:00:00+00:00,3.707
2019-11-03T18:00:00+00:00,3.669
2019-11-04T00:00:00+00:00,3.632
2019-11-04T06:00:00+00:00,3.596
2019-11-04T12:00:00+00:00,3.562
2019-11-04T18:00:00+00:00,3.528
2019-11-05T00:00:00+00:00,3.495
2019-11-05T06:00:00+00:00,3.463
2019-11-05T12:00:00+00:00,3.433
2019-11-05T18:00:00+00:00,3.403
2019-11-06T00:00:00+00:00,3.588
2019-11-06T06:00:00+00:00,4.404
2019-11-06T12:00:00+00:00,5.364
2019-11-06T18:00:00+00:00,4.772
2019-11-07T00:00:00+00:00,4.064
2019-11-07T06:00:00+00:00,3.757
2019-11-07T12:00:00+00:00,3.708
2019-11-07T18:00:00+00:00,3.669
2019-11-08T00:00:00+00:00,3.632
2019-11-08T06:00:00+00:00,3.595
2019-11-08T12:00:00+00:00,3.560
2019-11-08T18:00:00+00:00,3.526
2019-11-09T00:00:00+00:00,3.911
2019-11-09T06:00:00+00:00,5.537
2019-11-09T12:00:00+00:00,7.454
2019-11-09T18:00:00+00:00,6.281
2019-11-10T00:00:00+00:00,4.953
2019-11-10T06:00:00+00:00,4.813
2019-11-10T12:00:00+00:00,6.405
2019-11-10T18:00:00+00:00,8.361
2019-11-11T00:00:00+00:00,7.373
2019-11-11T06:00:00+00:00,6.104
2019-11-11T12:00:00+00:00,5.554
2019-11-11T18:00:00+00:00,5.375
2019-11-12T00:00:00+00:00,5.228
2019-11-12T06:00:00+00:00,5.114
2019-11-12T12:00:00+00:00,5.021
2019-11-12T18:00:00+00:00,4.933
2019-11-13T00:00:00+00:00,4.848
2019-11-13T06:00:00+00:00,4.767
2019-11-13T12:00:00+00:00,4.689
2019-11-13T18:00:00+00:00,4.615
2019-11-14T00:00:00+00:00,4.626
2019-11-14T06:00:00+00:00,5.458
2019-11-14T12:00:00+00:00,8.118
2019-11-14T18:00:00+00:00,10.776
2019-11-15T00:00:00+00:00,9.654
2019-11-15T06:00:00+00:00,8.867
2019-11-15T12:00:00+00:00,8.186
2019-11-15T18:00:00+00:00,7.391
2019-11-16T00:00:00+00:00,6.816
2019-11-16T06:00:00+00:00,6.546
2019-11-16T12:00:00+00:00,6.381
2019-11-16T18:00:00+00:00,6.227
2019-11-17T00:00:00+00:00,6.080
2019-11-17T06:00:00+00:00,5.942
2019-11-17T12:00:00+00:00,5.811
2019-11-17T18:00:00+00:00,5.686
2019-11-18T00:00:00+00:00,5.567
2019-11-18T06:00:00+00:00,5.454
2019-11-18T12:00:00+00:00,5.347
2019-11-18T18:00:00+00:00,5.244
2019-11-19T00:00:00+00:00,5.146
2019-11-19T06:00:00+00:00,5.052
2019-11-19T12:00:00+00:00,4.963
2019-11-19T18:00:00+00:00,4.878
2019-11-20T00:00:00+00:00,4.796
2019-11-20T06:00:00+00:00,4.717
2019-11-20T12:00:00+00:00,4.642
2019-11-20T18:00:00+00:00,4.570
2019-11-21T00:00:00+00:00,4.500
2019-11-21T06:00:00+00:00,4.433
2019-11-21T12:00:00+00:00,4.369
2019-11-21T18:00:00+00:00,4.308
2019-11-22T00:00:00+00:00,4.248
2019-11-22T06:00:00+00:00,4.190
2019-11-22T12:00:00+00:00,4.135
2019-11-22T18:00:00+00:00,4.082
2019-11-23T00:00:00+00:00,4.030
2019-11-23T06:00:00+00:00,3.980
2019-11-23T12:00:00+00:00,3.932
2019-11-23T18:00:00+00:00,3.911
2019-11-24T00:00:00+00:00,4.556
2019-11-24T06:00:00+00:00,7.070
2019-11-24T12:00:00+00:00,10.040
2019-11-24T18:00:00+00:00,8.555
2019-11-25T00:00:00+00:00,6.541
2019-11-25T06:00:00+00:00,5.619
2019-11-25T12:00:00+00:00,5.445
2019-11-25T18:00:00+00:00,5.337
2019-11-26T00:00:00+00:00,5.235
2019-11-26T06:00:00+00:00,5.137
2019-11-26T12:00:00+00:00,5.044
2019-11-26T18:00:00+00:00,4.955
2019-11-27T00:00:00+00:00,4.869
2019-11-27T06:00:00+00:00,4.871
2019-11-27T12:00:00+00:00,5.129
2019-11-27T18:00:00+00:00,5.528
2019-11-28T00:00:00+00:00,5.664
2019-11-28T06:00:00+00:00,6.011
2019-11-28T12:00:00+00:00,5.961
2019-11-28T18:00:00+00:00,5.483
2019-11-29T00:00:00+00:00,5.104
2019-11-29T06:00:00+00:00,4.975
2019-11-29T12:00:00+00:00,4.946
2019-11-29T18:00:00+00:00,4.842
2019-11-30T00:00:00+00:00,4.726
2019-11-30T06:00:00+00:00,4.634
2019-11-30T12:00:00+00:00,4.560
2019-11-30T18:00:00+00:00,4.492
2019-12-01T00:00:00+00:00,4.425
2019-12-01T06:00:00+00:00,4.397
2019-12-01T12:00:00+00:00,4.477
2019-12-01T18:00:00+00:00,4.577
2019-12-02T00:00:00+00:00,4.509
2019-12-02T06:00:00+00:00,4.676
2019-12-02T12:00:00+00:00,4.957
2019-12-02T18:00:00+00:00,4.690
2019-12-03T00:00:00+00:00,4.386
2019-12-03T06:00:00+00:00,4.232
2019-12-03T12:00:00+00:00,4.172
2019-12-03T18:00:00+00:00,4.146
2019-12-04T00:00:00+00:00,4.240
2019-12-04T06:00:00+00:00,4.470
2019-12-04T12:00:00+00:00,4.560
2019-12-04T18:00:00+00:00,4.394
2019-12-05T00:00:00+00:00,4.208
2019-12-05T06:00:00+00:00,4.231
2019-12-05T12:00:00+00:00,4.429
2019-12-05T18:00:00+00:00,5.786
2019-12-06T00:00:00+00:00,11.106
2019-12-06T06:00:00+00:00,17.859
2019-12-06T12:00:00+00:00,15.298
2019-12-06T18:00:00+00:00,11.573
2019-12-07T00:00:00+00:00,9.439
2019-12-07T06:00:00+00:00,8.787
2019-12-07T12:00:00+00:00,8.411
2019-12-07T18:00:00+00:00,8.132
2019-12-08T00:00:00+00:00,7.872
2019-12-08T06:00:00+00:00,7.629
2019-12-08T12:00:00+00:00,7.402
2019-12-08T18:00:00+00:00,7.190
2019-12-09T00:00:00+00:00,6.990
2019-12-09T06:00:00+00:00,6.802
2019-12-09T12:00:00+00:00,6.626
2019-12-09T18:00:00+00:00,6.532
2019-12-10T00:00:00+00:00,6.662
2019-12-10T06:00:00+00:00,6.834
2019-12-10T12:00:00+00:00,6.519
2019-12-10T18:00:00+00:00,6.191
2019-12-11T00:00:00+00:00,5.982
2019-12-11T06:00:00+00:00,5.850
2019-12-11T12:00:00+00:00,5.726
2019-12-11T18:00:00+00:00,5.684
2019-12-12T00:00:00+00:00,6.298
2019-12-12T06:00:00+00:00,8.324
2019-12-12T12:00:00+00:00,10.327
2019-12-12T18:00:00+00:00,9.294
2019-12-13T00:00:00+00:00,7.739
2019-12-13T06:00:00+00:00,6.936
2019-12-13T12:00:00+00:00,6.681
2019-12-13T18:00:00+00:00,6.513
2019-12-14T00:00:00+00:00,6.353
2019-12-14T06:00:00+00:00,6.203
2019-12-14T12:00:00+00:00,6.061
2019-12-14T18:00:00+00:00,5.989
2019-12-15T00:00:00+00:00,6.119
2019-12-15T06:00:00+00:00,6.325
2019-12-15T12:00:00+00:00,6.609
2019-12-15T18:00:00+00:00,8.253
2019-12-16T00:00:00+00:00,10.310
2019-12-16T06:00:00+00:00,9.227
2019-12-16T12:00:00+00:00,8.844
2019-12-16T18:00:00+00:00,11.264
2019-12-17T00:00:00+00:00,17.038
2019-12-17T06:00:00+00:00,23.734
2019-12-17T12:00:00+00:00,27.590
2019-12-17T18:00:00+00:00,24.521
2019-12-18T00:00:00+00:00,20.730
2019-12-18T06:00:00+00:00,19.615
2019-12-18T12:00:00+00:00,19.002
2019-12-18T18:00:00+00:00,17.999
2019-12-19T00:00:00+00:00,18.621
2019-12-19T06:00:00+00:00,20.564
2019-12-19T12:00:00+00:00,19.830
2019-12-19T18:00:00+00:00,17.780
2019-12-20T00:00:00+00:00,15.950
2019-12-20T06:00:00+00:00,14.893
2019-12-20T12:00:00+00:00,14.065
2019-12-20T18:00:00+00:00,13.325
2019-12-21T00:00:00+00:00,12.641
2019-12-21T06:00:00+00:00,12.841
2019-12-21T12:00:00+00:00,16.225
2019-12-21T18:00:00+00:00,21.311
2019-12-22T00:00:00+00:00,20.804
2019-12-22T06:00:00+00:00,18.527
2019-12-22T12:00:00+00:00,16.754
2019-12-22T18:00:00+00:00,15.545
2019-12-23T00:00:00+00:00,14.381
2019-12-23T06:00:00+00:00,13.518
2019-12-23T12:00:00+00:00,12.826
2019-12-23T18:00:00+00:00,12.201
2019-12-24T00:00:00+00:00,11.633
2019-12-24T06:00:00+00:00,11.116
2019-12-24T12:00:00+00:00,10.660
2019-12-24T18:00:00+00:00,10.244
2019-12-25T00:00:00+00:00,9.861
2019-12-25T06:00:00+00:00,9.507
2019-12-25T12:00:00+00:00,9.181
2019-12-25T18:00:00+00:00,8.879
2019-12-26T00:00:00+00:00,8.597
2019-12-26T06:00:00+00:00,8.334
2019-12-26T12:00:00+00:00,8.090
2019-12-26T18:00:00+00:00,7.862
2019-12-27T00:00:00+00:00,7.647
2019-12-27T06:00:00+00:00,7.445
2019-12-27T12:00:00+00:00,7.256
2019-12-27T18:00:00+00:00,7.079
2019-12-28T00:00:00+00:00,6.910
2019-12-28T06:00:00+00:00,6.750
2019-12-28T12:00:00+00:00,6.600
2019-12-28T18:00:00+00:00,6.458
2019-12-29T00:00:00+00:00,6.323
2019-12-29T06:00:00+00:00,6.194
2019-12-29T12:00:00+00:00,6.072
2019-12-29T18:00:00+00:00,5.957
2019-12-30T00:00:00+00:00,5.845
2019-12-30T06:00:00+00:00,5.739
2019-12-30T12:00:00+00:00,5.639
2019-12-30T18:00:00+00:00,5.543
2019-12-31T00:00:00+00:00,5.450
2019-12-31T06:00:00+00:00,5.361
2019-12-31T12:00:00+00:00,5.277
2019-12-31T18:00:00+00:00,5.196
2020-01-01T00:00:00+00:00,5.118
2020-01-01T06:00:00+00:00,5.042
2020-01-01T12:00:00+00:00,4.971
2020-01-01T18:00:00+00:00,5.040
2020-01-02T00:00:00+00:00,5.523
2020-01-02T06:00:00+00:00,6.091
2020-01-02T12:00:00+00:00,5.691
2020-01-02T18:00:00+00:00,5.227
2020-01-03T00:00:00+00:00,5.024
2020-01-03T06:00:00+00:00,5.046
2020-01-03T12:00:00+00:00,5.093
2020-01-03T18:00:00+00:00,5.103
2020-01-04T00:00:00+00:00,5.961
2020-01-04T06:00:00+00:00,8.488
2020-01-04T12:00:00+00:00,10.622
2020-01-04T18:00:00+00:00,9.139
2020-01-05T00:00:00+00:00,7.409
2020-01-05T06:00:00+00:00,6.632
2020-01-05T12:00:00+00:00,6.438
2020-01-05T18:00:00+00:00,6.301
2020-01-06T00:00:00+00:00,6.170
2020-01-06T06:00:00+00:00,6.046
2020-01-06T12:00:00+00:00,5.929
2020-01-06T18:00:00+00:00,5.817
2020-01-07T00:00:00+00:00,5.718
2020-01-07T06:00:00+00:00,5.646
2020-01-07T12:00:00+00:00,5.583
2020-01-07T18:00:00+00:00,6.400
2020-01-08T00:00:00+00:00,10.618
2020-01-08T06:00:00+00:00,17.485
2020-01-08T12:00:00+00:00,17.696
2020-01-08T18:00:00+00:00,14.013
2020-01-09T00:00:00+00:00,11.351
2020-01-09T06:00:00+00:00,10.407
2020-01-09T12:00:00+00:00,10.138
2020-01-09T18:00:00+00:00,10.080
2020-01-10T00:00:00+00:00,10.265
2020-01-10T06:00:00+00:00,10.597
2020-01-10T12:00:00+00:00,10.038
2020-01-10T18:00:00+00:00,9.511
2020-01-11T00:00:00+00:00,9.665
2020-01-11T06:00:00+00:00,10.134
2020-01-11T12:00:00+00:00,9.650
2020-01-11T18:00:00+00:00,8.968
2020-01-12T00:00:00+00:00,8.749
2020-01-12T06:00:00+00:00,9.455
2020-01-12T12:00:00+00:00,10.334
2020-01-12T18:00:00+00:00,9.573
2020-01-13T00:00:00+00:00,9.024
2020-01-13T06:00:00+00:00,9.740
2020-01-13T12:00:00+00:00,10.840
2020-01-13T18:00:00+00:00,9.930
2020-01-14T00:00:00+00:00,8.974
2020-01-14T06:00:00+00:00,8.510
2020-01-14T12:00:00+00:00,8.343
2020-01-14T18:00:00+00:00,8.100
2020-01-15T00:00:00+00:00,7.831
2020-01-15T06:00:00+00:00,7.595
2020-01-15T12:00:00+00:00,7.393
2020-01-15T18:00:00+00:00,7.208
2020-01-16T00:00:00+00:00,7.032
2020-01-16T06:00:00+00:00,6.867
2020-01-16T12:00:00+00:00,6.711
2020-01-16T18:00:00+00:00,6.564
2020-01-17T00:00:00+00:00,6.423
2020-01-17T06:00:00+00:00,6.299
2020-01-17T12:00:00+00:00,6.211
2020-01-17T18:00:00+00:00,6.134
2020-01-18T00:00:00+00:00,5.996
2020-01-18T06:00:00+00:00,5.860
2020-01-18T12:00:00+00:00,5.745
2020-01-18T18:00:00+00:00,5.645
2020-01-19T00:00:00+00:00,5.548
2020-01-19T06:00:00+00:00,5.455
2020-01-19T12:00:00+00:00,5.367
2020-01-19T18:00:00+00:00,5.282
2020-01-20T00:00:00+00:00,5.200
2020-01-20T06:00:00+00:00,5.122
2020-01-20T12:00:00+00:00,5.047
2020-01-20T18:00:00+00:00,4.975
2020-01-21T00:00:00+00:00,4.905
2020-01-21T06:00:00+00:00,4.837
2020-01-21T12:00:00+00:00,4.773
2020-01-21T18:00:00+00:00,4.711
2020-01-22T00:00:00+00:00,4.650
2020-01-22T06:00:00+00:00,4.591
2020-01-22T12:00:00+00:00,4.535
2020-01-22T18:00:00+00:00,4.481
2020-01-23T00:00:00+00:00,4.428
2020-01-23T06:00:00+00:00,4.397
2020-01-23T12:00:00+00:00,4.427
2020-01-23T18:00:00+00:00,4.469
2020-01-24T00:00:00+00:00,4.443
2020-01-24T06:00:00+00:00,4.633
2020-01-24T12:00:00+00:00,4.930
2020-01-24T18:00:00+00:00,4.746
2020-01-25T00:00:00+00:00,4.460
2020-01-25T06:00:00+00:00,4.300
2020-01-25T12:00:00+00:00,4.241
2020-01-25T18:00:00+00:00,4.195
2020-01-26T00:00:00+00:00,4.151
2020-01-26T06:00:00+00:00,4.108
2020-01-26T12:00:00+00:00,4.067
2020-01-26T18:00:00+00:00,4.027
2020-01-27T00:00:00+00:00,3.987
2020-01-27T06:00:00+00:00,3.948
2020-01-27T12:00:00+00:00,3.912
2020-01-27T18:00:00+00:00,3.876
2020-01-28T00:00:00+00:00,3.841
2020-01-28T06:00:00+00:00,3.806
2020-01-28T12:00:00+00:00,3.773
2020-01-28T18:00:00+00:00,3.741
2020-01-29T00:00:00+00:00,3.709
2020-01-29T06:00:00+00:00,3.677
2020-01-29T12:00:00+00:00,3.647
2020-01-29T18:00:00+00:00,3.618
2020-01-30T00:00:00+00:00,3.589
2020-01-30T06:00:00+00:00,3.561
2020-01-30T12:00:00+00:00,3.534
2020-01-30T18:00:00+00:00,3.551
2020-01-31T00:00:00+00:00,3.696
2020-01-31T06:00:00+00:00,3.869
2020-01-31T12:00:00+00:00,3.738
2020-01-31T18:00:00+00:00,3.580
2020-02-01T00:00:00+00:00,3.496
2020-02-01T06:00:00+00:00,3.465
2020-02-01T12:00:00+00:00,3.439
2020-02-01T18:00:00+00:00,3.414
2020-02-02T00:00:00+00:00,3.397
2020-02-02T06:00:00+00:00,3.410
2020-02-02T12:00:00+00:00,3.476
2020-02-02T18:00:00+00:00,3.795
2020-02-03T00:00:00+00:00,5.210
2020-02-03T06:00:00+00:00,8.070
2020-02-03T12:00:00+00:00,9.556
2020-02-03T18:00:00+00:00,7.985
2020-02-04T00:00:00+00:00,8.046
2020-02-04T06:00:00+00:00,9.538
2020-02-04T12:00:00+00:00,8.334
2020-02-04T18:00:00+00:00,6.969
2020-02-05T00:00:00+00:00,6.350
2020-02-05T06:00:00+00:00,6.199
2020-02-05T12:00:00+00:00,6.066
2020-02-05T18:00:00+00:00,5.940
2020-02-06T00:00:00+00:00,5.828
2020-02-06T06:00:00+00:00,5.744
2020-02-06T12:00:00+00:00,5.670
2020-02-06T18:00:00+00:00,6.116
2020-02-07T00:00:00+00:00,8.312
2020-02-07T06:00:00+00:00,10.939
2020-02-07T12:00:00+00:00,9.415
2020-02-07T18:00:00+00:00,7.709
2020-02-08T00:00:00+00:00,7.021
2020-02-08T06:00:00+00:00,7.145
2020-02-08T12:00:00+00:00,7.322
2020-02-08T18:00:00+00:00,6.984
2020-02-09T00:00:00+00:00,6.673
2020-02-09T06:00:00+00:00,6.608
2020-02-09T12:00:00+00:00,6.641
2020-02-09T18:00:00+00:00,6.408
2020-02-10T00:00:00+00:00,6.169
2020-02-10T06:00:00+00:00,6.002
2020-02-10T12:00:00+00:00,5.886
2020-02-10T18:00:00+00:00,5.778
2020-02-11T00:00:00+00:00,5.663
2020-02-11T06:00:00+00:00,5.551
2020-02-11T12:00:00+00:00,5.449
2020-02-11T18:00:00+00:00,5.352
2020-02-12T00:00:00+00:00,5.280
2020-02-12T06:00:00+00:00,5.272
2020-02-12T12:00:00+00:00,5.278
2020-02-12T18:00:00+00:00,5.145
2020-02-13T00:00:00+00:00,5.009
2020-02-13T06:00:00+00:00,4.910
2020-02-13T12:00:00+00:00,4.836
2020-02-13T18:00:00+00:00,4.765
2020-02-14T00:00:00+00:00,4.697
2020-02-14T06:00:00+00:00,4.631
2020-02-14T12:00:00+00:00,4.568
2020-02-14T18:00:00+00:00,4.507
2020-02-15T00:00:00+00:00,4.448
2020-02-15T06:00:00+00:00,4.391
2020-02-15T12:00:00+00:00,4.336
2020-02-15T18:00:00+00:00,4.284
2020-02-16T00:00:00+00:00,4.233
2020-02-16T06:00:00+00:00,4.183
2020-02-16T12:00:00+00:00,4.136
2020-02-16T18:00:00+00:00,4.090
2020-02-17T00:00:00+00:00,4.045
2020-02-17T06:00:00+00:00,4.001
2020-02-17T12:00:00+00:00,3.960
2020-02-17T18:00:00+00:00,3.919
2020-02-18T00:00:00+00:00,3.880
2020-02-18T06:00:00+00:00,3.841
2020-02-18T12:00:00+00:00,3.804
2020-02-18T18:00:00+00:00,3.768
2020-02-19T00:00:00+00:00,3.733
2020-02-19T06:00:00+00:00,3.699
2020-02-19T12:00:00+00:00,3.666
2020-02-19T18:00:00+00:00,3.634
2020-02-20T00:00:00+00:00,3.603
2020-02-20T06:00:00+00:00,3.662
2020-02-20T12:00:00+00:00,3.979
2020-02-20T18:00:00+00:00,4.344
2020-02-21T00:00:00+00:00,4.197
2020-02-21T06:00:00+00:00,4.375
2020-02-21T12:00:00+00:00,4.786
2020-02-21T18:00:00+00:00,4.423
2020-02-22T00:00:00+00:00,4.018
2020-02-22T06:00:00+00:00,3.866
2020-02-22T12:00:00+00:00,3.933
2020-02-22T18:00:00+00:00,4.040
2020-02-23T00:00:00+00:00,4.077
2020-02-23T06:00:00+00:00,4.284
2020-02-23T12:00:00+00:00,4.410
2020-02-23T18:00:00+00:00,4.152
2020-02-24T00:00:00+00:00,3.918
2020-02-24T06:00:00+00:00,3.814
2020-02-24T12:00:00+00:00,3.776
2020-02-24T18:00:00+00:00,3.740
2020-02-25T00:00:00+00:00,3.704
2020-02-25T06:00:00+00:00,3.670
2020-02-25T12:00:00+00:00,3.637
2020-02-25T18:00:00+00:00,3.605
2020-02-26T00:00:00+00:00,3.740
2020-02-26T06:00:00+00:00,4.755
2020-02-26T12:00:00+00:00,7.066
2020-02-26T18:00:00+00:00,8.575
2020-02-27T00:00:00+00:00,7.523
2020-02-27T06:00:00+00:00,6.735
2020-02-27T12:00:00+00:00,5.885
2020-02-27T18:00:00+00:00,5.394
2020-02-28T00:00:00+00:00,5.144
2020-02-28T06:00:00+00:00,5.049
2020-02-28T12:00:00+00:00,4.966
2020-02-28T18:00:00+00:00,4.887
2020-02-29T00:00:00+00:00,4.810
2020-02-29T06:00:00+00:00,4.736
2020-02-29T12:00:00+00:00,4.666
2020-02-29T18:00:00+00:00,4.598
2020-03-01T00:00:00+00:00,4.533
2020-03-01T06:00:00+00:00,4.469
2020-03-01T12:00:00+00:00,4.409
2020-03-01T18:00:00+00:00,4.351
2020-03-02T00:00:00+00:00,4.294
2020-03-02T06:00:00+00:00,4.240
2020-03-02T12:00:00+00:00,4.187
2020-03-02T18:00:00+00:00,4.137
2020-03-03T00:00:00+00:00,4.088
2020-03-03T06:00:00+00:00,4.040
2020-03-03T12:00:00+00:00,3.994
2020-03-03T18:00:00+00:00,3.950
2020-03-04T00:00:00+00:00,3.935
2020-03-04T06:00:00+00:00,4.002
2020-03-04T12:00:00+00:00,4.088
2020-03-04T18:00:00+00:00,3.983
2020-03-05T00:00:00+00:00,3.859
2020-03-05T06:00:00+00:00,3.790
2020-03-05T12:00:00+00:00,3.756
2020-03-05T18:00:00+00:00,3.716
2020-03-06T00:00:00+00:00,3.675
2020-03-06T06:00:00+00:00,3.639
2020-03-06T12:00:00+00:00,3.605
2020-03-06T18:00:00+00:00,3.572
2020-03-07T00:00:00+00:00,3.540
2020-03-07T06:00:00+00:00,3.508
2020-03-07T12:00:00+00:00,3.478
2020-03-07T18:00:00+00:00,3.449
2020-03-08T00:00:00+00:00,3.420
2020-03-08T06:00:00+00:00,3.392
2020-03-08T12:00:00+00:00,3.463
2020-03-08T18:00:00+00:00,3.819
2020-03-09T00:00:00+00:00,4.228
2020-03-09T06:00:00+00:00,3.933
2020-03-09T12:00:00+00:00,3.603
2020-03-09T18:00:00+00:00,3.459
2020-03-10T00:00:00+00:00,3.429
2020-03-10T06:00:00+00:00,3.400
2020-03-10T12:00:00+00:00,3.372
2020-03-10T18:00:00+00:00,3.345
2020-03-11T00:00:00+00:00,3.319
2020-03-11T06:00:00+00:00,3.293
2020-03-11T12:00:00+00:00,3.268
2020-03-11T18:00:00+00:00,3.244
2020-03-12T00:00:00+00:00,3.220
2020-03-12T06:00:00+00:00,3.196
2020-03-12T12:00:00+00:00,3.173
2020-03-12T18:00:00+00:00,3.151
2020-03-13T00:00:00+00:00,3.129
2020-03-13T06:00:00+00:00,3.108
2020-03-13T12:00:00+00:00,3.087
2020-03-13T18:00:00+00:00,3.067
2020-03-14T00:00:00+00:00,3.047
2020-03-14T06:00:00+00:00,3.027
2020-03-14T12:00:00+00:00,3.008
2020-03-14T18:00:00+00:00,2.990
2020-03-15T00:00:00+00:00,2.971
2020-03-15T06:00:00+00:00,2.953
2020-03-15T12:00:00+00:00,2.936
2020-03-15T18:00:00+00:00,2.919
2020-03-16T00:00:00+00:00,2.916
2020-03-16T06:00:00+00:00,2.953
2020-03-16T12:00:00+00:00,3.006
2020-03-16T18:00:00+00:00,2.963
2020-03-17T00:00:00+00:00,2.998
2020-03-17T06:00:00+00:00,3.401
2020-03-17T12:00:00+00:00,4.041
2020-03-17T18:00:00+00:00,3.984
2020-03-18T00:00:00+00:00,3.491
2020-03-18T06:00:00+00:00,3.174
2020-03-18T12:00:00+00:00,3.162
2020-03-18T18:00:00+00:00,3.438
2020-03-19T00:00:00+00:00,3.800
2020-03-19T06:00:00+00:00,3.793
2020-03-19T12:00:00+00:00,3.951
2020-03-19T18:00:00+00:00,4.139
2020-03-20T00:00:00+00:00,5.653
2020-03-20T06:00:00+00:00,11.290
2020-03-20T12:00:00+00:00,17.534
2020-03-20T18:00:00+00:00,14.154
2020-03-21T00:00:00+00:00,10.912
2020-03-21T06:00:00+00:00,10.235
2020-03-21T12:00:00+00:00,9.486
2020-03-21T18:00:00+00:00,8.621
2020-03-22T00:00:00+00:00,8.095
2020-03-22T06:00:00+00:00,7.817
2020-03-22T12:00:00+00:00,7.579
2020-03-22T18:00:00+00:00,7.356
2020-03-23T00:00:00+00:00,7.146
2020-03-23T06:00:00+00:00,6.950
2020-03-23T12:00:00+00:00,6.766
2020-03-23T18:00:00+00:00,6.593
2020-03-24T00:00:00+00:00,6.429
2020-03-24T06:00:00+00:00,6.274
2020-03-24T12:00:00+00:00,6.128
2020-03-24T18:00:00+00:00,5.990
2020-03-25T00:00:00+00:00,5.858
2020-03-25T06:00:00+00:00,5.733
2020-03-25T12:00:00+00:00,5.615
2020-03-25T18:00:00+00:00,5.502
2020-03-26T00:00:00+00:00,5.395
2020-03-26T06:00:00+00:00,5.292
2020-03-26T12:00:00+00:00,5.194
2020-03-26T18:00:00+00:00,5.101
2020-03-27T00:00:00+00:00,5.012
2020-03-27T06:00:00+00:00,4.926
2020-03-27T12:00:00+00:00,4.845
2020-03-27T18:00:00+00:00,4.767
2020-03-28T00:00:00+00:00,4.691
2020-03-28T06:00:00+00:00,4.619
2020-03-28T12:00:00+00:00,4.550
2020-03-28T18:00:00+00:00,4.484
2020-03-29T00:00:00+00:00,4.420
2020-03-29T06:00:00+00:00,4.358
2020-03-29T12:00:00+00:00,4.631
2020-03-29T18:00:00+00:00,5.894
2020-03-30T00:00:00+00:00,7.367
2020-03-30T06:00:00+00:00,6.441
2020-03-30T12:00:00+00:00,5.406
2020-03-30T18:00:00+00:00,4.959
2020-03-31T00:00:00+00:00,4.872
2020-03-31T06:00:00+00:00,4.793
2020-03-31T12:00:00+00:00,4.717
2020-03-31T18:00:00+00:00,4.645
2020-04-01T00:00:00+00:00,4.575
2020-04-01T06:00:00+00:00,4.507
2020-04-01T12:00:00+00:00,4.443
2020-04-01T18:00:00+00:00,4.381
2020-04-02T00:00:00+00:00,4.321
2020-04-02T06:00:00+00:00,4.263
2020-04-02T12:00:00+00:00,4.207
2020-04-02T18:00:00+00:00,4.154
2020-04-03T00:00:00+00:00,4.102
2020-04-03T06:00:00+00:00,4.052
2020-04-03T12:00:00+00:00,4.004
2020-04-03T18:00:00+00:00,3.958
2020-04-04T00:00:00+00:00,3.912
2020-04-04T06:00:00+00:00,3.868
2020-04-04T12:00:00+00:00,3.826
2020-04-04T18:00:00+00:00,3.786
2020-04-05T00:00:00+00:00,3.746
2020-04-05T06:00:00+00:00,3.707
2020-04-05T12:00:00+00:00,3.670
2020-04-05T18:00:00+00:00,3.634
2020-04-06T00:00:00+00:00,3.599
2020-04-06T06:00:00+00:00,3.565
2020-04-06T12:00:00+00:00,3.532
2020-04-06T18:00:00+00:00,3.500
2020-04-07T00:00:00+00:00,3.841
2020-04-07T06:00:00+00:00,5.286
2020-04-07T12:00:00+00:00,6.999
2020-04-07T18:00:00+00:00,5.981
2020-04-08T00:00:00+00:00,4.783
2020-04-08T06:00:00+00:00,4.278
2020-04-08T12:00:00+00:00,4.209
2020-04-08T18:00:00+00:00,4.155
2020-04-09T00:00:00+00:00,4.102
2020-04-09T06:00:00+00:00,4.051
2020-04-09T12:00:00+00:00,4.003
2020-04-09T18:00:00+00:00,3.955
2020-04-10T00:00:00+00:00,3.910
2020-04-10T06:00:00+00:00,3.865
2020-04-10T12:00:00+00:00,3.823
2020-04-10T18:00:00+00:00,3.781
2020-04-11T00:00:00+00:00,3.741
2020-04-11T06:00:00+00:00,3.702
2020-04-11T12:00:00+00:00,3.664
2020-04-11T18:00:00+00:00,3.628
2020-04-12T00:00:00+00:00,3.592
2020-04-12T06:00:00+00:00,3.557
2020-04-12T12:00:00+00:00,3.524
2020-04-12T18:00:00+00:00,3.492
2020-04-13T00:00:00+00:00,3.460
2020-04-13T06:00:00+00:00,3.429
2020-04-13T12:00:00+00:00,3.400
2020-04-13T18:00:00+00:00,3.371
2020-04-14T00:00:00+00:00,3.343
2020-04-14T06:00:00+00:00,3.369
2020-04-14T12:00:00+00:00,3.849
2020-04-14T18:00:00+00:00,5.242
2020-04-15T00:00:00+00:00,6.441
2020-04-15T06:00:00+00:00,5.424
2020-04-15T12:00:00+00:00,4.401
2020-04-15T18:00:00+00:00,4.004
2020-04-16T00:00:00+00:00,3.952
2020-04-16T06:00:00+00:00,3.905
2020-04-16T12:00:00+00:00,3.861
2020-04-16T18:00:00+00:00,3.818
2020-04-17T00:00:00+00:00,3.776
2020-04-17T06:00:00+00:00,3.735
2020-04-17T12:00:00+00:00,3.696
2020-04-17T18:00:00+00:00,3.659
2020-04-18T00:00:00+00:00,3.621
2020-04-18T06:00:00+00:00,3.585
2020-04-18T12:00:00+00:00,3.551
2020-04-18T18:00:00+00:00,3.517
2020-04-19T00:00:00+00:00,3.485
2020-04-19T06:00:00+00:00,3.453
2020-04-19T12:00:00+00:00,3.422
2020-04-19T18:00:00+00:00,3.392
2020-04-20T00:00:00+00:00,3.363
2020-04-20T06:00:00+00:00,3.334
2020-04-20T12:00:00+00:00,3.307
2020-04-20T18:00:00+00:00,3.280
2020-04-21T00:00:00+00:00,3.254
2020-04-21T06:00:00+00:00,3.228
2020-04-21T12:00:00+00:00,3.203
2020-04-21T18:00:00+00:00,3.179
2020-04-22T00:00:00+00:00,3.156
2020-04-22T06:00:00+00:00,3.132
2020-04-22T12:00:00+00:00,3.110
2020-04-22T18:00:00+00:00,3.088
2020-04-23T00:00:00+00:00,3.067
2020-04-23T06:00:00+00:00,3.046
2020-04-23T12:00:00+00:00,3.026
2020-04-23T18:00:00+00:00,3.006
2020-04-24T00:00:00+00:00,2.987
2020-04-24T06:00:00+00:00,2.968
2020-04-24T12:00:00+00:00,2.949
2020-04-24T18:00:00+00:00,2.931
2020-04-25T00:00:00+00:00,2.914
2020-04-25T06:00:00+00:00,2.896
2020-04-25T12:00:00+00:00,2.879
2020-04-25T18:00:00+00:00,2.863
2020-04-26T00:00:00+00:00,2.847
2020-04-26T06:00:00+00:00,2.831
2020-04-26T12:00:00+00:00,2.815
2020-04-26T18:00:00+00:00,2.800
2020-04-27T00:00:00+00:00,2.785
2020-04-27T06:00:00+00:00,2.771
2020-04-27T12:00:00+00:00,2.757
2020-04-27T18:00:00+00:00,2.743
2020-04-28T00:00:00+00:00,2.729
2020-04-28T06:00:00+00:00,2.715
2020-04-28T12:00:00+00:00,2.702
2020-04-28T18:00:00+00:00,2.689
2020-04-29T00:00:00+00:00,2.677
2020-04-29T06:00:00+00:00,2.664
2020-04-29T12:00:00+00:00,2.652
2020-04-29T18:00:00+00:00,2.640
2020-04-30T00:00:00+00:00,2.628
2020-04-30T06:00:00+00:00,2.617
2020-04-30T12:00:00+00:00,2.606
2020-04-30T18:00:00+00:00,2.595
2020-05-01T00:00:00+00:00,2.584
2020-05-01T06:00:00+00:00,2.573
2020-05-01T12:00:00+00:00,2.562
2020-05-01T18:00:00+00:00,2.552
2020-05-02T00:00:00+00:00,2.543
2020-05-02T06:00:00+00:00,2.537
2020-05-02T12:00:00+00:00,2.533
2020-05-02T18:00:00+00:00,2.520
2020-05-03T00:00:00+00:00,2.506
2020-05-03T06:00:00+00:00,2.496
2020-05-03T12:00:00+00:00,2.486
2020-05-03T18:00:00+00:00,2.477
2020-05-04T00:00:00+00:00,2.468
2020-05-04T06:00:00+00:00,2.460
2020-05-04T12:00:00+00:00,2.451
2020-05-04T18:00:00+00:00,2.443
2020-05-05T00:00:00+00:00,2.434
2020-05-05T06:00:00+00:00,2.426
2020-05-05T12:00:00+00:00,2.418
2020-05-05T18:00:00+00:00,2.410
2020-05-06T00:00:00+00:00,2.402
2020-05-06T06:00:00+00:00,2.394
2020-05-06T12:00:00+00:00,2.387
2020-05-06T18:00:00+00:00,2.380
2020-05-07T00:00:00+00:00,2.372
2020-05-07T06:00:00+00:00,2.365
2020-05-07T12:00:00+00:00,2.358
2020-05-07T18:00:00+00:00,2.351
2020-05-08T00:00:00+00:00,2.344
2020-05-08T06:00:00+00:00,2.337
2020-05-08T12:00:00+00:00,2.330
2020-05-08T18:00:00+00:00,2.324
2020-05-09T00:00:00+00:00,2.317
2020-05-09T06:00:00+00:00,2.311
2020-05-09T12:00:00+00:00,2.304
2020-05-09T18:00:00+00:00,2.298
2020-05-10T00:00:00+00:00,2.292
2020-05-10T06:00:00+00:00,2.286
2020-05-10T12:00:00+00:00,2.280
2020-05-10T18:00:00+00:00,2.274
2020-05-11T00:00:00+00:00,2.268
2020-05-11T06:00:00+00:00,2.262
2020-05-11T12:00:00+00:00,2.257
2020-05-11T18:00:00+00:00,2.251
2020-05-12T00:00:00+00:00,2.246
2020-05-12T06:00:00+00:00,2.240
2020-05-12T12:00:00+00:00,2.235
2020-05-12T18:00:00+00:00,2.230
2020-05-13T00:00:00+00:00,2.224
2020-05-13T06:00:00+00:00,2.219
2020-05-13T12:00:00+00:00,2.214
2020-05-13T18:00:00+00:00,2.209
2020-05-14T00:00:00+00:00,2.698
2020-05-14T06:00:00+00:00,4.653
2020-05-14T12:00:00+00:00,7.085
2020-05-14T18:00:00+00:00,5.782
2020-05-15T00:00:00+00:00,3.997
2020-05-15T06:00:00+00:00,3.219
2020-05-15T12:00:00+00:00,3.139
2020-05-15T18:00:00+00:00,3.114
2020-05-16T00:00:00+00:00,3.090
2020-05-16T06:00:00+00:00,3.067
2020-05-16T12:00:00+00:00,3.044
2020-05-16T18:00:00+00:00,3.022
2020-05-17T00:00:00+00:00,3.000
2020-05-17T06:00:00+00:00,2.979
2020-05-17T12:00:00+00:00,2.958
2020-05-17T18:00:00+00:00,2.938
2020-05-18T00:00:00+00:00,2.918
2020-05-18T06:00:00+00:00,2.899
2020-05-18T12:00:00+00:00,2.881
2020-05-18T18:00:00+00:00,2.863
2020-05-19T00:00:00+00:00,2.845
2020-05-19T06:00:00+00:00,2.827
2020-05-19T12:00:00+00:00,2.811
2020-05-19T18:00:00+00:00,2.794
2020-05-20T00:00:00+00:00,2.778
2020-05-20T06:00:00+00:00,2.762
2020-05-20T12:00:00+00:00,2.747
2020-05-20T18:00:00+00:00,2.731
2020-05-21T00:00:00+00:00,2.717
2020-05-21T06:00:00+00:00,2.702
2020-05-21T12:00:00+00:00,2.688
2020-05-21T18:00:00+00:00,2.674
2020-05-22T00:00:00+00:00,2.660
2020-05-22T06:00:00+00:00,2.647
2020-05-22T12:00:00+00:00,2.634
2020-05-22T18:00:00+00:00,2.663
2020-05-23T00:00:00+00:00,4.005
2020-05-23T06:00:00+00:00,9.131
2020-05-23T12:00:00+00:00,15.480
2020-05-23T18:00:00+00:00,12.014
2020-05-24T00:00:00+00:00,7.899
2020-05-24T06:00:00+00:00,6.186
2020-05-24T12:00:00+00:00,5.983
2020-05-24T18:00:00+00:00,5.845
2020-05-25T00:00:00+00:00,5.715
2020-05-25T06:00:00+00:00,5.591
2020-05-25T12:00:00+00:00,5.473
2020-05-25T18:00:00+00:00,5.361
2020-05-26T00:00:00+00:00,5.255
2020-05-26T06:00:00+00:00,5.153
2020-05-26T12:00:00+00:00,5.057
2020-05-26T18:00:00+00:00,4.965
2020-05-27T00:00:00+00:00,4.876
2020-05-27T06:00:00+00:00,4.792
2020-05-27T12:00:00+00:00,4.712
2020-05-27T18:00:00+00:00,4.634
2020-05-28T00:00:00+00:00,4.561
2020-05-28T06:00:00+00:00,4.490
2020-05-28T12:00:00+00:00,4.422
2020-05-28T18:00:00+00:00,4.356
2020-05-29T00:00:00+00:00,4.294
2020-05-29T06:00:00+00:00,4.233
2020-05-29T12:00:00+00:00,4.175
2020-05-29T18:00:00+00:00,4.120
2020-05-30T00:00:00+00:00,4.066
2020-05-30T06:00:00+00:00,4.014
2020-05-30T12:00:00+00:00,3.964
2020-05-30T18:00:00+00:00,3.916
2020-05-31T00:00:00+00:00,3.869
2020-05-31T06:00:00+00:00,3.824
2020-05-31T12:00:00+00:00,3.781
2020-05-31T18:00:00+00:00,3.739
2020-06-01T00:00:00+00:00,3.698
2020-06-01T06:00:00+00:00,3.659
2020-06-01T12:00:00+00:00,3.621
2020-06-01T18:00:00+00:00,3.584
2020-06-02T00:00:00+00:00,3.579
2020-06-02T06:00:00+00:00,4.085
2020-06-02T12:00:00+00:00,5.981
2020-06-02T18:00:00+00:00,8.386
2020-06-03T00:00:00+00:00,8.008
2020-06-03T06:00:00+00:00,6.987
2020-06-03T12:00:00+00:00,6.389
2020-06-03T18:00:00+00:00,5.832
2020-06-04T00:00:00+00:00,5.399
2020-06-04T06:00:00+00:00,5.158
2020-06-04T12:00:00+00:00,5.255
2020-06-04T18:00:00+00:00,6.036
2020-06-05T00:00:00+00:00,6.981
2020-06-05T06:00:00+00:00,6.456
2020-06-05T12:00:00+00:00,5.944
2020-06-05T18:00:00+00:00,5.831
2020-06-06T00:00:00+00:00,5.604
2020-06-06T06:00:00+00:00,5.447
2020-06-06T12:00:00+00:00,5.582
2020-06-06T18:00:00+00:00,5.942
2020-06-07T00:00:00+00:00,5.888
2020-06-07T06:00:00+00:00,5.502
2020-06-07T12:00:00+00:00,5.213
2020-06-07T18:00:00+00:00,5.073
2020-06-08T00:00:00+00:00,4.984
2020-06-08T06:00:00+00:00,4.899
2020-06-08T12:00:00+00:00,4.819
2020-06-08T18:00:00+00:00,4.741
2020-06-09T00:00:00+00:00,4.667
2020-06-09T06:00:00+00:00,4.596
2020-06-09T12:00:00+00:00,4.527
2020-06-09T18:00:00+00:00,4.462
2020-06-10T00:00:00+00:00,4.399
2020-06-10T06:00:00+00:00,4.338
2020-06-10T12:00:00+00:00,4.280
2020-06-10T18:00:00+00:00,4.224
2020-06-11T00:00:00+00:00,4.170
2020-06-11T06:00:00+00:00,4.118
2020-06-11T12:00:00+00:00,4.068
2020-06-11T18:00:00+00:00,4.019
2020-06-12T00:00:00+00:00,3.972
2020-06-12T06:00:00+00:00,3.927
2020-06-12T12:00:00+00:00,3.883
2020-06-12T18:00:00+00:00,3.841
2020-06-13T00:00:00+00:00,3.800
2020-06-13T06:00:00+00:00,3.760
2020-06-13T12:00:00+00:00,3.722
2020-06-13T18:00:00+00:00,3.685
2020-06-14T00:00:00+00:00,3.649
2020-06-14T06:00:00+00:00,3.614
2020-06-14T12:00:00+00:00,3.580
2020-06-14T18:00:00+00:00,3.548
2020-06-15T00:00:00+00:00,3.516
2020-06-15T06:00:00+00:00,3.485
2020-06-15T12:00:00+00:00,3.455
2020-06-15T18:00:00+00:00,3.426
2020-06-16T00:00:00+00:00,3.397
2020-06-16T06:00:00+00:00,3.370
2020-06-16T12:00:00+00:00,3.343
2020-06-16T18:00:00+00:00,3.317
2020-06-17T00:00:00+00:00,3.291
2020-06-17T06:00:00+00:00,3.267
2020-06-17T12:00:00+00:00,3.243
2020-06-17T18:00:00+00:00,3.219
2020-06-18T00:00:00+00:00,3.196
2020-06-18T06:00:00+00:00,3.174
2020-06-18T12:00:00+00:00,3.152
2020-06-18T18:00:00+00:00,3.131
2020-06-19T00:00:00+00:00,3.110
2020-06-19T06:00:00+00:00,3.090
2020-06-19T12:00:00+00:00,3.071
2020-06-19T18:00:00+00:00,3.052
2020-06-20T00:00:00+00:00,3.033
2020-06-20T06:00:00+00:00,3.015
2020-06-20T12:00:00+00:00,2.997
2020-06-20T18:00:00+00:00,2.980
2020-06-21T00:00:00+00:00,2.962
2020-06-21T06:00:00+00:00,2.946
2020-06-21T12:00:00+00:00,2.930
2020-06-21T18:00:00+00:00,2.914
2020-06-22T00:00:00+00:00,2.898
2020-06-22T06:00:00+00:00,2.883
2020-06-22T12:00:00+00:00,2.868
2020-06-22T18:00:00+00:00,2.854
2020-06-23T00:00:00+00:00,2.839
2020-06-23T06:00:00+00:00,2.825
2020-06-23T12:00:00+00:00,2.812
2020-06-23T18:00:00+00:00,2.798
2020-06-24T00:00:00+00:00,2.785
2020-06-24T06:00:00+00:00,2.772
2020-06-24T12:00:00+00:00,2.760
2020-06-24T18:00:00+00:00,2.748
2020-06-25T00:00:00+00:00,2.735
2020-06-25T06:00:00+00:00,2.723
2020-06-25T12:00:00+00:00,2.712
2020-06-25T18:00:00+00:00,2.701
2020-06-26T00:00:00+00:00,2.936
2020-06-26T06:00:00+00:00,3.910
2020-06-26T12:00:00+00:00,5.119
2020-06-26T18:00:00+00:00,4.527
2020-06-27T00:00:00+00:00,5.215
2020-06-27T06:00:00+00:00,13.322
2020-06-27T12:00:00+00:00,32.950
2020-06-27T18:00:00+00:00,43.466
2020-06-28T00:00:00+00:00,34.779
2020-06-28T06:00:00+00:00,25.738
2020-06-28T12:00:00+00:00,21.670
2020-06-28T18:00:00+00:00,19.771
2020-06-29T00:00:00+00:00,18.331
2020-06-29T06:00:00+00:00,17.085
2020-06-29T12:00:00+00:00,15.993
2020-06-29T18:00:00+00:00,15.020
2020-06-30T00:00:00+00:00,14.154
2020-06-30T06:00:00+00:00,13.381
2020-06-30T12:00:00+00:00,12.686
2020-06-30T18:00:00+00:00,12.058
2020-07-01T00:00:00+00:00,11.971
2020-07-01T06:00:00+00:00,13.772
2020-07-01T12:00:00+00:00,16.258
2020-07-01T18:00:00+00:00,15.168
2020-07-02T00:00:00+00:00,13.219
2020-07-02T06:00:00+00:00,11.980
2020-07-02T12:00:00+00:00,11.387
2020-07-02T18:00:00+00:00,10.882
2020-07-03T00:00:00+00:00,10.425
2020-07-03T06:00:00+00:00,10.018
2020-07-03T12:00:00+00:00,9.645
2020-07-03T18:00:00+00:00,9.302
2020-07-04T00:00:00+00:00,8.983
2020-07-04T06:00:00+00:00,8.688
2020-07-04T12:00:00+00:00,8.414
2020-07-04T18:00:00+00:00,8.159
2020-07-05T00:00:00+00:00,7.921
2020-07-05T06:00:00+00:00,7.698
2020-07-05T12:00:00+00:00,7.490
2020-07-05T18:00:00+00:00,7.294
2020-07-06T00:00:00+00:00,7.110
2020-07-06T06:00:00+00:00,6.937
2020-07-06T12:00:00+00:00,6.773
2020-07-06T18:00:00+00:00,6.619
2020-07-07T00:00:00+00:00,6.478
2020-07-07T06:00:00+00:00,6.359
2020-07-07T12:00:00+00:00,6.254
2020-07-07T18:00:00+00:00,6.124
2020-07-08T00:00:00+00:00,5.991
2020-07-08T06:00:00+00:00,5.870
2020-07-08T12:00:00+00:00,5.761
2020-07-08T18:00:00+00:00,5.659
2020-07-09T00:00:00+00:00,5.565
2020-07-09T06:00:00+00:00,5.489
2020-07-09T12:00:00+00:00,5.420
2020-07-09T18:00:00+00:00,5.324
2020-07-10T00:00:00+00:00,5.230
2020-07-10T06:00:00+00:00,5.147
2020-07-10T12:00:00+00:00,5.072
2020-07-10T18:00:00+00:00,4.999
2020-07-11T00:00:00+00:00,4.930
2020-07-11T06:00:00+00:00,4.863
2020-07-11T12:00:00+00:00,4.799
2020-07-11T18:00:00+00:00,4.737
2020-07-12T00:00:00+00:00,4.677
2020-07-12T06:00:00+00:00,4.620
2020-07-12T12:00:00+00:00,4.565
2020-07-12T18:00:00+00:00,4.512
2020-07-13T00:00:00+00:00,4.460
2020-07-13T06:00:00+00:00,4.411
2020-07-13T12:00:00+00:00,4.363
2020-07-13T18:00:00+00:00,4.317
2020-07-14T00:00:00+00:00,4.278
2020-07-14T06:00:00+00:00,4.296
2020-07-14T12:00:00+00:00,4.436
2020-07-14T18:00:00+00:00,4.556
2020-07-15T00:00:00+00:00,4.395
2020-07-15T06:00:00+00:00,4.232
2020-07-15T12:00:00+00:00,4.147
2020-07-15T18:00:00+00:00,4.107
2020-07-16T00:00:00+00:00,4.069
2020-07-16T06:00:00+00:00,4.032
2020-07-16T12:00:00+00:00,3.996
2020-07-16T18:00:00+00:00,3.961
2020-07-17T00:00:00+00:00,3.927
2020-07-17T06:00:00+00:00,3.894
2020-07-17T12:00:00+00:00,3.862
2020-07-17T18:00:00+00:00,3.831
2020-07-18T00:00:00+00:00,3.801
2020-07-18T06:00:00+00:00,3.771
2020-07-18T12:00:00+00:00,3.743
2020-07-18T18:00:00+00:00,3.715
2020-07-19T00:00:00+00:00,3.688
2020-07-19T06:00:00+00:00,3.662
2020-07-19T12:00:00+00:00,3.636
2020-07-19T18:00:00+00:00,3.611
2020-07-20T00:00:00+00:00,3.587
2020-07-20T06:00:00+00:00,3.563
2020-07-20T12:00:00+00:00,3.539
2020-07-20T18:00:00+00:00,3.517
2020-07-21T00:00:00+00:00,3.495
2020-07-21T06:00:00+00:00,3.473
2020-07-21T12:00:00+00:00,3.452
2020-07-21T18:00:00+00:00,3.432
2020-07-22T00:00:00+00:00,3.411
2020-07-22T06:00:00+00:00,3.392
2020-07-22T12:00:00+00:00,3.373
2020-07-22T18:00:00+00:00,3.354
2020-07-23T00:00:00+00:00,3.335
2020-07-23T06:00:00+00:00,3.317
2020-07-23T12:00:00+00:00,3.300
2020-07-23T18:00:00+00:00,3.283
2020-07-24T00:00:00+00:00,3.265
2020-07-24T06:00:00+00:00,3.249
2020-07-24T12:00:00+00:00,3.233
2020-07-24T18:00:00+00:00,3.217
2020-07-25T00:00:00+00:00,3.201
2020-07-25T06:00:00+00:00,3.186
2020-07-25T12:00:00+00:00,3.171
2020-07-25T18:00:00+00:00,3.157
2020-07-26T00:00:00+00:00,3.142
2020-07-26T06:00:00+00:00,3.128
2020-07-26T12:00:00+00:00,3.114
2020-07-26T18:00:00+00:00,3.100
2020-07-27T00:00:00+00:00,3.095
2020-07-27T06:00:00+00:00,3.113
2020-07-27T12:00:00+00:00,3.135
2020-07-27T18:00:00+00:00,3.100
2020-07-28T00:00:00+00:00,3.062
2020-07-28T06:00:00+00:00,3.039
2020-07-28T12:00:00+00:00,3.027
2020-07-28T18:00:00+00:00,3.015
2020-07-29T00:00:00+00:00,3.003
2020-07-29T06:00:00+00:00,3.011
2020-07-29T12:00:00+00:00,3.075
2020-07-29T18:00:00+00:00,3.273
2020-07-30T00:00:00+00:00,3.703
2020-07-30T06:00:00+00:00,4.265
2020-07-30T12:00:00+00:00,3.997
2020-07-30T18:00:00+00:00,3.533
2020-07-31T00:00:00+00:00,3.292
2020-07-31T06:00:00+00:00,3.241
2020-07-31T12:00:00+00:00,3.222
2020-07-31T18:00:00+00:00,3.206
2020-08-01T00:00:00+00:00,3.189
2020-08-01T06:00:00+00:00,3.172
2020-08-01T12:00:00+00:00,3.156
2020-08-01T18:00:00+00:00,3.141
2020-08-02T00:00:00+00:00,3.125
2020-08-02T06:00:00+00:00,3.110
2020-08-02T12:00:00+00:00,3.096
2020-08-02T18:00:00+00:00,3.081
2020-08-03T00:00:00+00:00,3.067
2020-08-03T06:00:00+00:00,3.053
2020-08-03T12:00:00+00:00,3.040
2020-08-03T18:00:00+00:00,3.026
2020-08-04T00:00:00+00:00,3.013
2020-08-04T06:00:00+00:00,3.000
2020-08-04T12:00:00+00:00,2.988
2020-08-04T18:00:00+00:00,2.975
2020-08-05T00:00:00+00:00,2.963
2020-08-05T06:00:00+00:00,2.951
2020-08-05T12:00:00+00:00,2.939
2020-08-05T18:00:00+00:00,2.927
2020-08-06T00:00:00+00:00,2.916
2020-08-06T06:00:00+00:00,2.904
2020-08-06T12:00:00+00:00,2.893
2020-08-06T18:00:00+00:00,2.883
2020-08-07T00:00:00+00:00,2.872
2020-08-07T06:00:00+00:00,2.861
2020-08-07T12:00:00+00:00,2.851
2020-08-07T18:00:00+00:00,2.840
2020-08-08T00:00:00+00:00,2.830
2020-08-08T06:00:00+00:00,2.820
2020-08-08T12:00:00+00:00,2.810
2020-08-08T18:00:00+00:00,2.801
2020-08-09T00:00:00+00:00,2.791
2020-08-09T06:00:00+00:00,2.782
2020-08-09T12:00:00+00:00,2.773
2020-08-09T18:00:00+00:00,2.764
2020-08-10T00:00:00+00:00,2.754
2020-08-10T06:00:00+00:00,2.745
2020-08-10T12:00:00+00:00,2.737
2020-08-10T18:00:00+00:00,2.728
2020-08-11T00:00:00+00:00,2.720
2020-08-11T06:00:00+00:00,2.711
2020-08-11T12:00:00+00:00,2.703
2020-08-11T18:00:00+00:00,2.695
2020-08-12T00:00:00+00:00,2.686
2020-08-12T06:00:00+00:00,2.678
2020-08-12T12:00:00+00:00,2.670
2020-08-12T18:00:00+00:00,2.663
2020-08-13T00:00:00+00:00,2.655
2020-08-13T06:00:00+00:00,2.647
2020-08-13T12:00:00+00:00,2.792
2020-08-13T18:00:00+00:00,3.551
2020-08-14T00:00:00+00:00,4.915
2020-08-14T06:00:00+00:00,5.418
2020-08-14T12:00:00+00:00,5.013
2020-08-14T18:00:00+00:00,4.935
2020-08-15T00:00:00+00:00,4.270
2020-08-15T06:00:00+00:00,3.762
2020-08-15T12:00:00+00:00,3.792
2020-08-15T18:00:00+00:00,4.716
2020-08-16T00:00:00+00:00,5.820
2020-08-16T06:00:00+00:00,5.842
2020-08-16T12:00:00+00:00,7.797
2020-08-16T18:00:00+00:00,11.025
2020-08-17T00:00:00+00:00,9.723
2020-08-17T06:00:00+00:00,7.879
2020-08-17T12:00:00+00:00,7.795
2020-08-17T18:00:00+00:00,9.464
2020-08-18T00:00:00+00:00,12.187
2020-08-18T06:00:00+00:00,13.286
2020-08-18T12:00:00+00:00,12.294
2020-08-18T18:00:00+00:00,11.932
2020-08-19T00:00:00+00:00,12.288
2020-08-19T06:00:00+00:00,14.518
2020-08-19T12:00:00+00:00,18.202
2020-08-19T18:00:00+00:00,20.364
2020-08-20T00:00:00+00:00,23.375
2020-08-20T06:00:00+00:00,20.951
2020-08-20T12:00:00+00:00,19.279
2020-08-20T18:00:00+00:00,20.764
2020-08-21T00:00:00+00:00,23.070
2020-08-21T06:00:00+00:00,23.530
2020-08-21T12:00:00+00:00,22.126
2020-08-21T18:00:00+00:00,19.513
2020-08-22T00:00:00+00:00,17.502
2020-08-22T06:00:00+00:00,16.331
2020-08-22T12:00:00+00:00,15.370
2020-08-22T18:00:00+00:00,14.498
2020-08-23T00:00:00+00:00,13.713
2020-08-23T06:00:00+00:00,13.008
2020-08-23T12:00:00+00:00,12.373
2020-08-23T18:00:00+00:00,11.796
2020-08-24T00:00:00+00:00,11.276
2020-08-24T06:00:00+00:00,10.815
2020-08-24T12:00:00+00:00,10.393
2020-08-24T18:00:00+00:00,10.005
2020-08-25T00:00:00+00:00,9.653
2020-08-25T06:00:00+00:00,9.346
2020-08-25T12:00:00+00:00,9.065
2020-08-25T18:00:00+00:00,8.768
2020-08-26T00:00:00+00:00,8.489
2020-08-26T06:00:00+00:00,8.235
2020-08-26T12:00:00+00:00,8.003
2020-08-26T18:00:00+00:00,7.786
2020-08-27T00:00:00+00:00,7.582
2020-08-27T06:00:00+00:00,7.390
2020-08-27T12:00:00+00:00,7.210
2020-08-27T18:00:00+00:00,7.041
2020-08-28T00:00:00+00:00,6.880
2020-08-28T06:00:00+00:00,6.728
2020-08-28T12:00:00+00:00,6.585
2020-08-28T18:00:00+00:00,6.449
2020-08-29T00:00:00+00:00,6.319
2020-08-29T06:00:00+00:00,6.196
2020-08-29T12:00:00+00:00,6.079
2020-08-29T18:00:00+00:00,5.968
2020-08-30T00:00:00+00:00,5.862
2020-08-30T06:00:00+00:00,5.760
2020-08-30T12:00:00+00:00,5.664
2020-08-30T18:00:00+00:00,5.572
2020-08-31T00:00:00+00:00,5.483
2020-08-31T06:00:00+00:00,5.398
2020-08-31T12:00:00+00:00,5.317
2020-08-31T18:00:00+00:00,5.239
2020-09-01T00:00:00+00:00,5.164
2020-09-01T06:00:00+00:00,5.091
2020-09-01T12:00:00+00:00,5.022
2020-09-01T18:00:00+00:00,4.956
2020-09-02T00:00:00+00:00,4.891
2020-09-02T06:00:00+00:00,4.829
2020-09-02T12:00:00+00:00,4.769
2020-09-02T18:00:00+00:00,4.712
2020-09-03T00:00:00+00:00,4.656
2020-09-03T06:00:00+00:00,4.602
2020-09-03T12:00:00+00:00,4.551
2020-09-03T18:00:00+00:00,4.501
2020-09-04T00:00:00+00:00,4.452
2020-09-04T06:00:00+00:00,4.405
2020-09-04T12:00:00+00:00,4.360
2020-09-04T18:00:00+00:00,4.317
2020-09-05T00:00:00+00:00,4.274
2020-09-05T06:00:00+00:00,4.232
2020-09-05T12:00:00+00:00,4.192
2020-09-05T18:00:00+00:00,4.154
2020-09-06T00:00:00+00:00,4.115
2020-09-06T06:00:00+00:00,4.078
2020-09-06T12:00:00+00:00,4.043
2020-09-06T18:00:00+00:00,4.008
2020-09-07T00:00:00+00:00,3.974
2020-09-07T06:00:00+00:00,3.941
2020-09-07T12:00:00+00:00,3.909
2020-09-07T18:00:00+00:00,3.878
2020-09-08T00:00:00+00:00,3.847
2020-09-08T06:00:00+00:00,3.818
2020-09-08T12:00:00+00:00,3.789
2020-09-08T18:00:00+00:00,3.761
2020-09-09T00:00:00+00:00,3.733
2020-09-09T06:00:00+00:00,3.706
2020-09-09T12:00:00+00:00,3.680
2020-09-09T18:00:00+00:00,3.655
2020-09-10T00:00:00+00:00,3.629
2020-09-10T06:00:00+00:00,3.605
2020-09-10T12:00:00+00:00,3.581
2020-09-10T18:00:00+00:00,3.558
2020-09-11T00:00:00+00:00,3.534
2020-09-11T06:00:00+00:00,3.512
2020-09-11T12:00:00+00:00,3.490
2020-09-11T18:00:00+00:00,3.468
2020-09-12T00:00:00+00:00,3.447
2020-09-12T06:00:00+00:00,3.426
2020-09-12T12:00:00+00:00,3.406
2020-09-12T18:00:00+00:00,3.386
2020-09-13T00:00:00+00:00,3.366
2020-09-13T06:00:00+00:00,3.347
2020-09-13T12:00:00+00:00,3.328
2020-09-13T18:00:00+00:00,3.310
2020-09-14T00:00:00+00:00,3.292
2020-09-14T06:00:00+00:00,3.274
2020-09-14T12:00:00+00:00,3.256
2020-09-14T18:00:00+00:00,3.240
2020-09-15T00:00:00+00:00,3.222
2020-09-15T06:00:00+00:00,3.206
2020-09-15T12:00:00+00:00,3.190
2020-09-15T18:00:00+00:00,3.174
2020-09-16T00:00:00+00:00,3.158
2020-09-16T06:00:00+00:00,3.142
2020-09-16T12:00:00+00:00,3.127
2020-09-16T18:00:00+00:00,3.112
2020-09-17T00:00:00+00:00,3.097
2020-09-17T06:00:00+00:00,3.083
2020-09-17T12:00:00+00:00,3.069
2020-09-17T18:00:00+00:00,3.055
2020-09-18T00:00:00+00:00,3.041
2020-09-18T06:00:00+00:00,3.027
2020-09-18T12:00:00+00:00,3.014
2020-09-18T18:00:00+00:00,3.001
2020-09-19T00:00:00+00:00,2.988
2020-09-19T06:00:00+00:00,2.975
2020-09-19T12:00:00+00:00,2.963
2020-09-19T18:00:00+00:00,2.951
2020-09-20T00:00:00+00:00,2.938
2020-09-20T06:00:00+00:00,2.926
2020-09-20T12:00:00+00:00,2.915
2020-09-20T18:00:00+00:00,2.903
2020-09-21T00:00:00+00:00,2.892
2020-09-21T06:00:00+00:00,2.881
2020-09-21T12:00:00+00:00,2.870
2020-09-21T18:00:00+00:00,2.887
2020-09-22T00:00:00+00:00,2.983
2020-09-22T06:00:00+00:00,3.094
2020-09-22T12:00:00+00:00,3.006
2020-09-22T18:00:00+00:00,2.906
2020-09-23T00:00:00+00:00,2.861
2020-09-23T06:00:00+00:00,2.849
2020-09-23T12:00:00+00:00,2.838
2020-09-23T18:00:00+00:00,2.828
2020-09-24T00:00:00+00:00,2.817
2020-09-24T06:00:00+00:00,2.806
2020-09-24T12:00:00+00:00,2.796
2020-09-24T18:00:00+00:00,2.786
2020-09-25T00:00:00+00:00,2.776
2020-09-25T06:00:00+00:00,2.765
2020-09-25T12:00:00+00:00,2.756
2020-09-25T18:00:00+00:00,2.746
2020-09-26T00:00:00+00:00,2.737
2020-09-26T06:00:00+00:00,2.727
2020-09-26T12:00:00+00:00,2.718
2020-09-26T18:00:00+00:00,2.709
2020-09-27T00:00:00+00:00,2.700
2020-09-27T06:00:00+00:00,2.691
2020-09-27T12:00:00+00:00,2.682
2020-09-27T18:00:00+00:00,2.714
2020-09-28T00:00:00+00:00,2.894
2020-09-28T06:00:00+00:00,3.302
2020-09-28T12:00:00+00:00,3.736
2020-09-28T18:00:00+00:00,3.947
2020-09-29T00:00:00+00:00,3.478
2020-09-29T06:00:00+00:00,3.090
2020-09-29T12:00:00+00:00,2.950
2020-09-29T18:00:00+00:00,2.935
2020-09-30T00:00:00+00:00,2.921
2020-09-30T06:00:00+00:00,2.906
2020-09-30T12:00:00+00:00,2.893
2020-09-30T18:00:00+00:00,2.880
2020-10-01T00:00:00+00:00,2.866
2020-10-01T06:00:00+00:00,2.853
2020-10-01T12:00:00+00:00,2.841
2020-10-01T18:00:00+00:00,2.828
2020-10-02T00:00:00+00:00,2.816
2020-10-02T06:00:00+00:00,2.804
2020-10-02T12:00:00+00:00,2.792
2020-10-02T18:00:00+00:00,2.780
2020-10-03T00:00:00+00:00,2.768
2020-10-03T06:00:00+00:00,2.757
2020-10-03T12:00:00+00:00,2.746
2020-10-03T18:00:00+00:00,2.735
2020-10-04T00:00:00+00:00,2.724
2020-10-04T06:00:00+00:00,2.713
2020-10-04T12:00:00+00:00,2.703
2020-10-04T18:00:00+00:00,2.693
2020-10-05T00:00:00+00:00,2.682
2020-10-05T06:00:00+00:00,2.672
2020-10-05T12:00:00+00:00,2.662
2020-10-05T18:00:00+00:00,2.652
2020-10-06T00:00:00+00:00,2.642
2020-10-06T06:00:00+00:00,2.632
2020-10-06T12:00:00+00:00,2.623
2020-10-06T18:00:00+00:00,2.614
2020-10-07T00:00:00+00:00,2.604
2020-10-07T06:00:00+00:00,2.595
2020-10-07T12:00:00+00:00,2.586
2020-10-07T18:00:00+00:00,2.578
2020-10-08T00:00:00+00:00,2.817
2020-10-08T06:00:00+00:00,4.374
2020-10-08T12:00:00+00:00,7.962
2020-10-08T18:00:00+00:00,10.204
2020-10-09T00:00:00+00:00,7.635
2020-10-09T06:00:00+00:00,5.379
2020-10-09T12:00:00+00:00,4.761
2020-10-09T18:00:00+00:00,5.015
2020-10-10T00:00:00+00:00,5.218
2020-10-10T06:00:00+00:00,5.406
2020-10-10T12:00:00+00:00,5.184
2020-10-10T18:00:00+00:00,4.830
2020-10-11T00:00:00+00:00,4.610
2020-10-11T06:00:00+00:00,4.513
2020-10-11T12:00:00+00:00,4.448
2020-10-11T18:00:00+00:00,4.386
2020-10-12T00:00:00+00:00,4.326
2020-10-12T06:00:00+00:00,4.268
2020-10-12T12:00:00+00:00,4.212
2020-10-12T18:00:00+00:00,4.158
2020-10-13T00:00:00+00:00,4.106
2020-10-13T06:00:00+00:00,4.056
2020-10-13T12:00:00+00:00,4.007
2020-10-13T18:00:00+00:00,3.961
2020-10-14T00:00:00+00:00,3.915
2020-10-14T06:00:00+00:00,3.871
2020-10-14T12:00:00+00:00,3.828
2020-10-14T18:00:00+00:00,3.787
2020-10-15T00:00:00+00:00,3.818
2020-10-15T06:00:00+00:00,4.321
2020-10-15T12:00:00+00:00,5.697
2020-10-15T18:00:00+00:00,6.846
2020-10-16T00:00:00+00:00,6.039
2020-10-16T06:00:00+00:00,5.028
2020-10-16T12:00:00+00:00,4.577
2020-10-16T18:00:00+00:00,4.458
2020-10-17T00:00:00+00:00,4.381
2020-10-17T06:00:00+00:00,4.316
2020-10-17T12:00:00+00:00,4.258
2020-10-17T18:00:00+00:00,4.202
2020-10-18T00:00:00+00:00,4.147
2020-10-18T06:00:00+00:00,4.094
2020-10-18T12:00:00+00:00,4.044
2020-10-18T18:00:00+00:00,3.995
2020-10-19T00:00:00+00:00,3.947
2020-10-19T06:00:00+00:00,3.901
2020-10-19T12:00:00+00:00,3.857
2020-10-19T18:00:00+00:00,3.814
2020-10-20T00:00:00+00:00,3.772
2020-10-20T06:00:00+00:00,3.732
2020-10-20T12:00:00+00:00,3.693
2020-10-20T18:00:00+00:00,3.693
2020-10-21T00:00:00+00:00,3.855
2020-10-21T06:00:00+00:00,4.693
2020-10-21T12:00:00+00:00,6.838
2020-10-21T18:00:00+00:00,9.002
2020-10-22T00:00:00+00:00,7.378
2020-10-22T06:00:00+00:00,5.709
2020-10-22T12:00:00+00:00,5.037
2020-10-22T18:00:00+00:00,4.943
2020-10-23T00:00:00+00:00,4.858
2020-10-23T06:00:00+00:00,4.778
2020-10-23T12:00:00+00:00,4.700
2020-10-23T18:00:00+00:00,4.627
2020-10-24T00:00:00+00:00,4.744
2020-10-24T06:00:00+00:00,5.430
2020-10-24T12:00:00+00:00,6.246
2020-10-24T18:00:00+00:00,5.728
2020-10-25T00:00:00+00:00,5.285
2020-10-25T06:00:00+00:00,5.739
2020-10-25T12:00:00+00:00,6.521
2020-10-25T18:00:00+00:00,5.969
2020-10-26T00:00:00+00:00,5.340
2020-10-26T06:00:00+00:00,5.039
2020-10-26T12:00:00+00:00,4.946
2020-10-26T18:00:00+00:00,4.862
2020-10-27T00:00:00+00:00,4.781
2020-10-27T06:00:00+00:00,4.703
2020-10-27T12:00:00+00:00,4.629
2020-10-27T18:00:00+00:00,4.558
2020-10-28T00:00:00+00:00,4.489
2020-10-28T06:00:00+00:00,4.423
2020-10-28T12:00:00+00:00,4.360
2020-10-28T18:00:00+00:00,4.299
2020-10-29T00:00:00+00:00,4.240
2020-10-29T06:00:00+00:00,4.182
2020-10-29T12:00:00+00:00,4.128
2020-10-29T18:00:00+00:00,4.075
2020-10-30T00:00:00+00:00,4.054
2020-10-30T06:00:00+00:00,4.131
2020-10-30T12:00:00+00:00,4.250
2020-10-30T18:00:00+00:00,4.160
2020-10-31T00:00:00+00:00,4.002
2020-10-31T06:00:00+00:00,3.897
2020-10-31T12:00:00+00:00,3.843
2020-10-31T18:00:00+00:00,3.800
2020-11-01T00:00:00+00:00,3.757
2020-11-01T06:00:00+00:00,3.716
2020-11-01T12:00:00+00:00,3.677
2020-11-01T18:00:00+00:00,3.639
2020-11-02T00:00:00+00:00,3.601
2020-11-02T06:00:00+00:00,3.565
2020-11-02T12:00:00+00:00,3.530
2020-11-02T18:00:00+00:00,3.496
2020-11-03T00:00:00+00:00,3.463
2020-11-03T06:00:00+00:00,3.430
2020-11-03T12:00:00+00:00,3.399
2020-11-03T18:00:00+00:00,3.369
2020-11-04T00:00:00+00:00,3.339
2020-11-04T06:00:00+00:00,3.310
2020-11-04T12:00:00+00:00,3.282
2020-11-04T18:00:00+00:00,3.255
2020-11-05T00:00:00+00:00,3.228
2020-11-05T06:00:00+00:00,3.202
2020-11-05T12:00:00+00:00,3.177
2020-11-05T18:00:00+00:00,3.152
2020-11-06T00:00:00+00:00,3.128
2020-11-06T06:00:00+00:00,3.105
2020-11-06T12:00:00+00:00,3.082
2020-11-06T18:00:00+00:00,3.060
2020-11-07T00:00:00+00:00,3.038
2020-11-07T06:00:00+00:00,3.016
2020-11-07T12:00:00+00:00,2.996
2020-11-07T18:00:00+00:00,2.976
2020-11-08T00:00:00+00:00,2.956
2020-11-08T06:00:00+00:00,2.936
2020-11-08T12:00:00+00:00,2.917
2020-11-08T18:00:00+00:00,2.899
2020-11-09T00:00:00+00:00,2.880
2020-11-09T06:00:00+00:00,2.862
2020-11-09T12:00:00+00:00,2.845
2020-11-09T18:00:00+00:00,2.828
2020-11-10T00:00:00+00:00,2.815
2020-11-10T06:00:00+00:00,2.811
2020-11-10T12:00:00+00:00,2.810
2020-11-10T18:00:00+00:00,2.785
2020-11-11T00:00:00+00:00,2.768
2020-11-11T06:00:00+00:00,2.784
2020-11-11T12:00:00+00:00,2.809
2020-11-11T18:00:00+00:00,2.769
2020-11-12T00:00:00+00:00,2.724
2020-11-12T06:00:00+00:00,2.698
2020-11-12T12:00:00+00:00,2.684
2020-11-12T18:00:00+00:00,2.671
2020-11-13T00:00:00+00:00,2.662
2020-11-13T06:00:00+00:00,2.675
2020-11-13T12:00:00+00:00,2.710
2020-11-13T18:00:00+00:00,2.711
2020-11-14T00:00:00+00:00,2.662
2020-11-14T06:00:00+00:00,2.621
2020-11-14T12:00:00+00:00,2.600
2020-11-14T18:00:00+00:00,2.588
2020-11-15T00:00:00+00:00,2.575
2020-11-15T06:00:00+00:00,2.563
2020-11-15T12:00:00+00:00,2.552
2020-11-15T18:00:00+00:00,2.589
2020-11-16T00:00:00+00:00,3.345
2020-11-16T06:00:00+00:00,5.855
2020-11-16T12:00:00+00:00,8.469
2020-11-16T18:00:00+00:00,6.614
2020-11-17T00:00:00+00:00,4.625
2020-11-17T06:00:00+00:00,3.855
2020-11-17T12:00:00+00:00,3.799
2020-11-17T18:00:00+00:00,3.753
2020-11-18T00:00:00+00:00,3.709
2020-11-18T06:00:00+00:00,3.796
2020-11-18T12:00:00+00:00,4.321
2020-11-18T18:00:00+00:00,5.758
2020-11-19T00:00:00+00:00,8.780
2020-11-19T06:00:00+00:00,13.310
2020-11-19T12:00:00+00:00,13.185
2020-11-19T18:00:00+00:00,9.947
2020-11-20T00:00:00+00:00,7.850
2020-11-20T06:00:00+00:00,7.191
2020-11-20T12:00:00+00:00,6.976
2020-11-20T18:00:00+00:00,6.781
2020-11-21T00:00:00+00:00,6.598
2020-11-21T06:00:00+00:00,6.425
2020-11-21T12:00:00+00:00,6.262
2020-11-21T18:00:00+00:00,6.108
2020-11-22T00:00:00+00:00,5.962
2020-11-22T06:00:00+00:00,5.824
2020-11-22T12:00:00+00:00,5.693
2020-11-22T18:00:00+00:00,5.570
2020-11-23T00:00:00+00:00,5.455
2020-11-23T06:00:00+00:00,5.356
2020-11-23T12:00:00+00:00,5.264
2020-11-23T18:00:00+00:00,5.154
2020-11-24T00:00:00+00:00,5.048
2020-11-24T06:00:00+00:00,4.951
2020-11-24T12:00:00+00:00,4.862
2020-11-24T18:00:00+00:00,4.778
2020-11-25T00:00:00+00:00,4.696
2020-11-25T06:00:00+00:00,4.618
2020-11-25T12:00:00+00:00,4.543
2020-11-25T18:00:00+00:00,4.471
2020-11-26T00:00:00+00:00,4.402
2020-11-26T06:00:00+00:00,4.336
2020-11-26T12:00:00+00:00,4.272
2020-11-26T18:00:00+00:00,4.211
2020-11-27T00:00:00+00:00,4.197
2020-11-27T06:00:00+00:00,4.317
2020-11-27T12:00:00+00:00,4.462
2020-11-27T18:00:00+00:00,4.290
2020-11-28T00:00:00+00:00,4.280
2020-11-28T06:00:00+00:00,4.970
2020-11-28T12:00:00+00:00,6.112
2020-11-28T18:00:00+00:00,6.047
2020-11-29T00:00:00+00:00,5.206
2020-11-29T06:00:00+00:00,4.649
2020-11-29T12:00:00+00:00,4.465
2020-11-29T18:00:00+00:00,4.395
2020-11-30T00:00:00+00:00,4.446
2020-11-30T06:00:00+00:00,4.946
2020-11-30T12:00:00+00:00,5.820
2020-11-30T18:00:00+00:00,5.921
2020-12-01T00:00:00+00:00,5.247
2020-12-01T06:00:00+00:00,4.747
2020-12-01T12:00:00+00:00,4.558
2020-12-01T18:00:00+00:00,4.484
2020-12-02T00:00:00+00:00,4.415
2020-12-02T06:00:00+00:00,4.347
2020-12-02T12:00:00+00:00,4.283
2020-12-02T18:00:00+00:00,4.221
2020-12-03T00:00:00+00:00,4.161
2020-12-03T06:00:00+00:00,4.104
2020-12-03T12:00:00+00:00,4.048
2020-12-03T18:00:00+00:00,4.110
2020-12-04T00:00:00+00:00,4.515
2020-12-04T06:00:00+00:00,5.002
2020-12-04T12:00:00+00:00,4.685
2020-12-04T18:00:00+00:00,4.292
2020-12-05T00:00:00+00:00,4.088
2020-12-05T06:00:00+00:00,4.213
2020-12-05T12:00:00+00:00,4.893
2020-12-05T18:00:00+00:00,5.659
2020-12-06T00:00:00+00:00,5.936
2020-12-06T06:00:00+00:00,8.754
2020-12-06T12:00:00+00:00,12.811
2020-12-06T18:00:00+00:00,10.803
2020-12-07T00:00:00+00:00,8.152
2020-12-07T06:00:00+00:00,6.931
2020-12-07T12:00:00+00:00,6.682
2020-12-07T18:00:00+00:00,6.505
2020-12-08T00:00:00+00:00,6.357
2020-12-08T06:00:00+00:00,6.276
2020-12-08T12:00:00+00:00,6.213
2020-12-08T18:00:00+00:00,6.025
2020-12-09T00:00:00+00:00,5.839
2020-12-09T06:00:00+00:00,5.690
2020-12-09T12:00:00+00:00,5.567
2020-12-09T18:00:00+00:00,5.450
2020-12-10T00:00:00+00:00,5.339
2020-12-10T06:00:00+00:00,5.232
2020-12-10T12:00:00+00:00,5.131
2020-12-10T18:00:00+00:00,5.035
2020-12-11T00:00:00+00:00,4.943
2020-12-11T06:00:00+00:00,4.854
2020-12-11T12:00:00+00:00,4.770
2020-12-11T18:00:00+00:00,4.690
2020-12-12T00:00:00+00:00,4.612
2020-12-12T06:00:00+00:00,4.537
2020-12-12T12:00:00+00:00,4.466
2020-12-12T18:00:00+00:00,4.398
2020-12-13T00:00:00+00:00,4.332
2020-12-13T06:00:00+00:00,4.268
2020-12-13T12:00:00+00:00,4.208
2020-12-13T18:00:00+00:00,4.231
2020-12-14T00:00:00+00:00,4.505
2020-12-14T06:00:00+00:00,5.169
2020-12-14T12:00:00+00:00,6.549
2020-12-14T18:00:00+00:00,9.166
2020-12-15T00:00:00+00:00,9.938
2020-12-15T06:00:00+00:00,7.990
2020-12-15T12:00:00+00:00,6.483
2020-12-15T18:00:00+00:00,5.946
2020-12-16T00:00:00+00:00,5.806
2020-12-16T06:00:00+00:00,5.678
2020-12-16T12:00:00+00:00,5.556
2020-12-16T18:00:00+00:00,5.441
2020-12-17T00:00:00+00:00,5.554
2020-12-17T06:00:00+00:00,6.392
2020-12-17T12:00:00+00:00,7.521
2020-12-17T18:00:00+00:00,7.115
2020-12-18T00:00:00+00:00,6.336
2020-12-18T06:00:00+00:00,6.033
2020-12-18T12:00:00+00:00,5.998
2020-12-18T18:00:00+00:00,5.767
2020-12-19T00:00:00+00:00,5.539
2020-12-19T06:00:00+00:00,5.391
2020-12-19T12:00:00+00:00,5.289
2020-12-19T18:00:00+00:00,5.520
2020-12-20T00:00:00+00:00,6.961
2020-12-20T06:00:00+00:00,9.245
2020-12-20T12:00:00+00:00,9.239
2020-12-20T18:00:00+00:00,7.699
2020-12-21T00:00:00+00:00,6.797
2020-12-21T06:00:00+00:00,6.998
2020-12-21T12:00:00+00:00,7.482
2020-12-21T18:00:00+00:00,6.990
2020-12-22T00:00:00+00:00,6.464
2020-12-22T06:00:00+00:00,6.172
2020-12-22T12:00:00+00:00,6.025
2020-12-22T18:00:00+00:00,5.887
2020-12-23T00:00:00+00:00,5.756
2020-12-23T06:00:00+00:00,5.632
2020-12-23T12:00:00+00:00,5.514
2020-12-23T18:00:00+00:00,5.402
2020-12-24T00:00:00+00:00,5.296
2020-12-24T06:00:00+00:00,5.194
2020-12-24T12:00:00+00:00,5.097
2020-12-24T18:00:00+00:00,5.004
2020-12-25T00:00:00+00:00,4.915
2020-12-25T06:00:00+00:00,4.830
2020-12-25T12:00:00+00:00,4.749
2020-12-25T18:00:00+00:00,4.671
2020-12-26T00:00:00+00:00,4.596
2020-12-26T06:00:00+00:00,4.524
2020-12-26T12:00:00+00:00,4.456
2020-12-26T18:00:00+00:00,4.390
2020-12-27T00:00:00+00:00,4.326
2020-12-27T06:00:00+00:00,4.264
2020-12-27T12:00:00+00:00,4.205
2020-12-27T18:00:00+00:00,4.149
2020-12-28T00:00:00+00:00,4.094
2020-12-28T06:00:00+00:00,4.040
2020-12-28T12:00:00+00:00,3.990
2020-12-28T18:00:00+00:00,3.940
2020-12-29T00:00:00+00:00,3.893
2020-12-29T06:00:00+00:00,3.895
2020-12-29T12:00:00+00:00,4.274
2020-12-29T18:00:00+00:00,5.923
2020-12-30T00:00:00+00:00,9.106
2020-12-30T06:00:00+00:00,10.986
2020-12-30T12:00:00+00:00,8.704
2020-12-30T18:00:00+00:00,6.842
2020-12-31T00:00:00+00:00,6.702
2020-12-31T06:00:00+00:00,7.889
2020-12-31T12:00:00+00:00,9.274
2020-12-31T18:00:00+00:00,10.078
2021-01-01T00:00:00+00:00,9.020
2021-01-01T06:00:00+00:00,8.362
2021-01-01T12:00:00+00:00,7.943
2021-01-01T18:00:00+00:00,7.476
2021-01-02T00:00:00+00:00,7.113
2021-01-02T06:00:00+00:00,6.972
2021-01-02T12:00:00+00:00,6.904
2021-01-02T18:00:00+00:00,6.672
2021-01-03T00:00:00+00:00,6.496
2021-01-03T06:00:00+00:00,6.768
2021-01-03T12:00:00+00:00,7.821
2021-01-03T18:00:00+00:00,8.640
2021-01-04T00:00:00+00:00,7.797
2021-01-04T06:00:00+00:00,7.036
2021-01-04T12:00:00+00:00,6.721
2021-01-04T18:00:00+00:00,6.508
2021-01-05T00:00:00+00:00,6.301
2021-01-05T06:00:00+00:00,6.133
2021-01-05T12:00:00+00:00,5.993
2021-01-05T18:00:00+00:00,5.925
2021-01-06T00:00:00+00:00,6.053
2021-01-06T06:00:00+00:00,6.308
2021-01-06T12:00:00+00:00,6.397
2021-01-06T18:00:00+00:00,6.515
2021-01-07T00:00:00+00:00,6.113
2021-01-07T06:00:00+00:00,5.753
2021-01-07T12:00:00+00:00,5.546
2021-01-07T18:00:00+00:00,5.435
2021-01-08T00:00:00+00:00,5.401
2021-01-08T06:00:00+00:00,5.586
2021-01-08T12:00:00+00:00,5.822
2021-01-08T18:00:00+00:00,5.567
2021-01-09T00:00:00+00:00,5.268
2021-01-09T06:00:00+00:00,5.091
2021-01-09T12:00:00+00:00,4.997
2021-01-09T18:00:00+00:00,4.912
2021-01-10T00:00:00+00:00,4.854
2021-01-10T06:00:00+00:00,4.872
2021-01-10T12:00:00+00:00,4.905
2021-01-10T18:00:00+00:00,4.770
2021-01-11T00:00:00+00:00,4.630
2021-01-11T06:00:00+00:00,4.535
2021-01-11T12:00:00+00:00,4.469
2021-01-11T18:00:00+00:00,4.405
2021-01-12T00:00:00+00:00,4.343
2021-01-12T06:00:00+00:00,4.283
2021-01-12T12:00:00+00:00,4.226
2021-01-12T18:00:00+00:00,4.194
2021-01-13T00:00:00+00:00,4.250
2021-01-13T06:00:00+00:00,4.370
2021-01-13T12:00:00+00:00,4.334
2021-01-13T18:00:00+00:00,4.171
2021-01-14T00:00:00+00:00,4.063
2021-01-14T06:00:00+00:00,4.063
2021-01-14T12:00:00+00:00,4.091
2021-01-14T18:00:00+00:00,4.001
2021-01-15T00:00:00+00:00,4.265
2021-01-15T06:00:00+00:00,5.657
2021-01-15T12:00:00+00:00,7.393
2021-01-15T18:00:00+00:00,6.521
2021-01-16T00:00:00+00:00,5.315
2021-01-16T06:00:00+00:00,4.752
2021-01-16T12:00:00+00:00,4.641
2021-01-16T18:00:00+00:00,4.570
2021-01-17T00:00:00+00:00,4.526
2021-01-17T06:00:00+00:00,4.688
2021-01-17T12:00:00+00:00,5.613
2021-01-17T18:00:00+00:00,7.627
2021-01-18T00:00:00+00:00,9.764
2021-01-18T06:00:00+00:00,11.096
2021-01-18T12:00:00+00:00,12.787
2021-01-18T18:00:00+00:00,12.938
2021-01-19T00:00:00+00:00,14.796
2021-01-19T06:00:00+00:00,14.530
2021-01-19T12:00:00+00:00,12.436
2021-01-19T18:00:00+00:00,10.791
2021-01-20T00:00:00+00:00,10.950
2021-01-20T06:00:00+00:00,15.599
2021-01-20T12:00:00+00:00,25.224
2021-01-20T18:00:00+00:00,28.688
2021-01-21T00:00:00+00:00,23.099
2021-01-21T06:00:00+00:00,18.713
2021-01-21T12:00:00+00:00,16.852
2021-01-21T18:00:00+00:00,15.776
2021-01-22T00:00:00+00:00,14.934
2021-01-22T06:00:00+00:00,15.048
2021-01-22T12:00:00+00:00,15.944
2021-01-22T18:00:00+00:00,15.621
2021-01-23T00:00:00+00:00,14.156
2021-01-23T06:00:00+00:00,12.970
2021-01-23T12:00:00+00:00,12.291
2021-01-23T18:00:00+00:00,11.698
2021-01-24T00:00:00+00:00,11.157
2021-01-24T06:00:00+00:00,10.831
2021-01-24T12:00:00+00:00,11.167
2021-01-24T18:00:00+00:00,11.610
2021-01-25T00:00:00+00:00,10.816
2021-01-25T06:00:00+00:00,10.010
2021-01-25T12:00:00+00:00,9.487
2021-01-25T18:00:00+00:00,9.144
2021-01-26T00:00:00+00:00,9.171
2021-01-26T06:00:00+00:00,10.287
2021-01-26T12:00:00+00:00,11.659
2021-01-26T18:00:00+00:00,10.702
2021-01-27T00:00:00+00:00,9.541
2021-01-27T06:00:00+00:00,8.881
2021-01-27T12:00:00+00:00,8.566
2021-01-27T18:00:00+00:00,8.293
2021-01-28T00:00:00+00:00,8.038
2021-01-28T06:00:00+00:00,7.801
2021-01-28T12:00:00+00:00,7.588
2021-01-28T18:00:00+00:00,7.423
2021-01-29T00:00:00+00:00,7.784
2021-01-29T06:00:00+00:00,9.571
2021-01-29T12:00:00+00:00,11.658
2021-01-29T18:00:00+00:00,10.749
2021-01-30T00:00:00+00:00,9.222
2021-01-30T06:00:00+00:00,8.382
2021-01-30T12:00:00+00:00,8.075
2021-01-30T18:00:00+00:00,7.828
2021-01-31T00:00:00+00:00,7.619
2021-01-31T06:00:00+00:00,7.620
2021-01-31T12:00:00+00:00,8.003
2021-01-31T18:00:00+00:00,8.292
2021-02-01T00:00:00+00:00,8.230
2021-02-01T06:00:00+00:00,9.573
2021-02-01T12:00:00+00:00,11.419
2021-02-01T18:00:00+00:00,10.198
2021-02-02T00:00:00+00:00,8.844
2021-02-02T06:00:00+00:00,8.267
2021-02-02T12:00:00+00:00,8.140
2021-02-02T18:00:00+00:00,7.852
2021-02-03T00:00:00+00:00,7.569
2021-02-03T06:00:00+00:00,7.340
2021-02-03T12:00:00+00:00,7.149
2021-02-03T18:00:00+00:00,6.970
2021-02-04T00:00:00+00:00,6.904
2021-02-04T06:00:00+00:00,7.159
2021-02-04T12:00:00+00:00,7.471
2021-02-04T18:00:00+00:00,7.078
2021-02-05T00:00:00+00:00,6.661
2021-02-05T06:00:00+00:00,6.414
2021-02-05T12:00:00+00:00,6.274
2021-02-05T18:00:00+00:00,6.142
2021-02-06T00:00:00+00:00,6.015
2021-02-06T06:00:00+00:00,5.895
2021-02-06T12:00:00+00:00,5.781
2021-02-06T18:00:00+00:00,5.672
2021-02-07T00:00:00+00:00,5.568
2021-02-07T06:00:00+00:00,5.467
2021-02-07T12:00:00+00:00,5.373
2021-02-07T18:00:00+00:00,5.282
2021-02-08T00:00:00+00:00,5.195
2021-02-08T06:00:00+00:00,5.111
2021-02-08T12:00:00+00:00,5.031
2021-02-08T18:00:00+00:00,4.954
2021-02-09T00:00:00+00:00,4.880
2021-02-09T06:00:00+00:00,4.809
2021-02-09T12:00:00+00:00,4.741
2021-02-09T18:00:00+00:00,4.675
2021-02-10T00:00:00+00:00,4.612
2021-02-10T06:00:00+00:00,4.550
2021-02-10T12:00:00+00:00,4.492
2021-02-10T18:00:00+00:00,4.436
2021-02-11T00:00:00+00:00,4.381
2021-02-11T06:00:00+00:00,4.376
2021-02-11T12:00:00+00:00,4.514
2021-02-11T18:00:00+00:00,4.773
2021-02-12T00:00:00+00:00,4.978
2021-02-12T06:00:00+00:00,5.218
2021-02-12T12:00:00+00:00,4.866
2021-02-12T18:00:00+00:00,4.536
2021-02-13T00:00:00+00:00,4.377
2021-02-13T06:00:00+00:00,4.322
2021-02-13T12:00:00+00:00,4.272
2021-02-13T18:00:00+00:00,4.223
2021-02-14T00:00:00+00:00,4.175
2021-02-14T06:00:00+00:00,4.129
2021-02-14T12:00:00+00:00,4.085
2021-02-14T18:00:00+00:00,4.178
2021-02-15T00:00:00+00:00,4.812
2021-02-15T06:00:00+00:00,5.956
2021-02-15T12:00:00+00:00,6.213
2021-02-15T18:00:00+00:00,5.387
2021-02-16T00:00:00+00:00,4.757
2021-02-16T06:00:00+00:00,4.535
2021-02-16T12:00:00+00:00,4.475
2021-02-16T18:00:00+00:00,4.418
2021-02-17T00:00:00+00:00,4.363
2021-02-17T06:00:00+00:00,4.310
2021-02-17T12:00:00+00:00,4.259
2021-02-17T18:00:00+00:00,4.210
2021-02-18T00:00:00+00:00,4.162
2021-02-18T06:00:00+00:00,4.115
2021-02-18T12:00:00+00:00,4.071
2021-02-18T18:00:00+00:00,4.027
2021-02-19T00:00:00+00:00,3.985
2021-02-19T06:00:00+00:00,3.944
2021-02-19T12:00:00+00:00,3.904
2021-02-19T18:00:00+00:00,3.866
2021-02-20T00:00:00+00:00,3.829
2021-02-20T06:00:00+00:00,3.792
2021-02-20T12:00:00+00:00,3.757
2021-02-20T18:00:00+00:00,3.723
2021-02-21T00:00:00+00:00,3.689
2021-02-21T06:00:00+00:00,3.657
2021-02-21T12:00:00+00:00,3.625
2021-02-21T18:00:00+00:00,3.595
2021-02-22T00:00:00+00:00,3.564
2021-02-22T06:00:00+00:00,3.535
2021-02-22T12:00:00+00:00,3.506
2021-02-22T18:00:00+00:00,3.479
2021-02-23T00:00:00+00:00,3.451
2021-02-23T06:00:00+00:00,3.425
2021-02-23T12:00:00+00:00,3.399
2021-02-23T18:00:00+00:00,3.374
2021-02-24T00:00:00+00:00,3.350
2021-02-24T06:00:00+00:00,3.337
2021-02-24T12:00:00+00:00,3.360
2021-02-24T18:00:00+00:00,3.389
2021-02-25T00:00:00+00:00,3.419
2021-02-25T06:00:00+00:00,3.692
2021-02-25T12:00:00+00:00,4.043
2021-02-25T18:00:00+00:00,3.800
2021-02-26T00:00:00+00:00,3.514
2021-02-26T06:00:00+00:00,3.415
2021-02-26T12:00:00+00:00,3.424
2021-02-26T18:00:00+00:00,3.376
2021-02-27T00:00:00+00:00,3.333
2021-02-27T06:00:00+00:00,3.339
2021-02-27T12:00:00+00:00,3.377
2021-02-27T18:00:00+00:00,3.356
2021-02-28T00:00:00+00:00,3.340
2021-02-28T06:00:00+00:00,3.479
2021-02-28T12:00:00+00:00,3.666
2021-02-28T18:00:00+00:00,3.563
2021-03-01T00:00:00+00:00,3.618
2021-03-01T06:00:00+00:00,3.880
2021-03-01T12:00:00+00:00,3.882
2021-03-01T18:00:00+00:00,3.707
2021-03-02T00:00:00+00:00,3.532
2021-03-02T06:00:00+00:00,3.548
2021-03-02T12:00:00+00:00,3.642
2021-03-02T18:00:00+00:00,3.531
2021-03-03T00:00:00+00:00,4.279
2021-03-03T06:00:00+00:00,7.829
2021-03-03T12:00:00+00:00,12.533
2021-03-03T18:00:00+00:00,10.538
2021-03-04T00:00:00+00:00,7.585
