datahora,Qsac
2019-03-04T00:00:00+00:00,13.993
2019-03-04T06:00:00+00:00,18.119
2019-03-04T12:00:00+00:00,23.047
2019-03-04T18:00:00+00:00,25.360
2019-03-05T00:00:00+00:00,24.652
2019-03-05T06:00:00+00:00,22.258
2019-03-05T12:00:00+00:00,19.562
2019-03-05T18:00:00+00:00,17.301
2019-03-06T00:00:00+00:00,15.677
2019-03-06T06:00:00+00:00,14.616
2019-03-06T12:00:00+00:00,14.274
2019-03-06T18:00:00+00:00,15.659
2019-03-07T00:00:00+00:00,17.033
2019-03-07T06:00:00+00:00,17.871
2019-03-07T12:00:00+00:00,19.874
2019-03-07T18:00:00+00:00,26.474
2019-03-08T00:00:00+00:00,33.293
2019-03-08T06:00:00+00:00,35.926
2019-03-08T12:00:00+00:00,34.698
2019-03-08T18:00:00+00:00,31.278
2019-03-09T00:00:00+00:00,27.419
2019-03-09T06:00:00+00:00,26.239
2019-03-09T12:00:00+00:00,26.867
2019-03-09T18:00:00+00:00,27.481
2019-03-10T00:00:00+00:00,28.997
2019-03-10T06:00:00+00:00,29.757
2019-03-10T12:00:00+00:00,28.294
2019-03-10T18:00:00+00:00,25.387
2019-03-11T00:00:00+00:00,22.275
2019-03-11T06:00:00+00:00,20.038
2019-03-11T12:00:00+00:00,18.442
2019-03-11T18:00:00+00:00,17.061
2019-03-12T00:00:00+00:00,15.829
2019-03-12T06:00:00+00:00,14.910
2019-03-12T12:00:00+00:00,14.266
2019-03-12T18:00:00+00:00,13.797
2019-03-13T00:00:00+00:00,13.537
2019-03-13T06:00:00+00:00,13.377
2019-03-13T12:00:00+00:00,13.272
2019-03-13T18:00:00+00:00,13.238
2019-03-14T00:00:00+00:00,13.471
2019-03-14T06:00:00+00:00,13.991
2019-03-14T12:00:00+00:00,14.297
2019-03-14T18:00:00+00:00,14.219
2019-03-15T00:00:00+00:00,13.924
2019-03-15T06:00:00+00:00,13.589
2019-03-15T12:00:00+00:00,13.304
2019-03-15T18:00:00+00:00,13.428
2019-03-16T00:00:00+00:00,15.726
2019-03-16T06:00:00+00:00,20.622
2019-03-16T12:00:00+00:00,24.756
2019-03-16T18:00:00+00:00,25.912
2019-03-17T00:00:00+00:00,24.941
2019-03-17T06:00:00+00:00,23.134
2019-03-17T12:00:00+00:00,21.076
2019-03-17T18:00:00+00:00,18.976
2019-03-18T00:00:00+00:00,17.255
2019-03-18T06:00:00+00:00,16.571
2019-03-18T12:00:00+00:00,16.345
2019-03-18T18:00:00+00:00,15.889
2019-03-19T00:00:00+00:00,15.302
2019-03-19T06:00:00+00:00,14.738
2019-03-19T12:00:00+00:00,14.196
2019-03-19T18:00:00+00:00,13.734
2019-03-20T00:00:00+00:00,13.589
2019-03-20T06:00:00+00:00,14.551
2019-03-20T12:00:00+00:00,15.616
2019-03-20T18:00:00+00:00,15.848
2019-03-21T00:00:00+00:00,16.003
2019-03-21T06:00:00+00:00,19.039
2019-03-21T12:00:00+00:00,22.515
2019-03-21T18:00:00+00:00,23.704
2019-03-22T00:00:00+00:00,22.706
2019-03-22T06:00:00+00:00,20.662
2019-03-22T12:00:00+00:00,18.479
2019-03-22T18:00:00+00:00,16.639
2019-03-23T00:00:00+00:00,15.268
2019-03-23T06:00:00+00:00,14.367
2019-03-23T12:00:00+00:00,13.794
2019-03-23T18:00:00+00:00,13.440
2019-03-24T00:00:00+00:00,13.162
2019-03-24T06:00:00+00:00,13.041
2019-03-24T12:00:00+00:00,12.968
2019-03-24T18:00:00+00:00,12.913
2019-03-25T00:00:00+00:00,12.869
2019-03-25T06:00:00+00:00,12.829
2019-03-25T12:00:00+00:00,12.790
2019-03-25T18:00:00+00:00,12.752
2019-03-26T00:00:00+00:00,12.716
2019-03-26T06:00:00+00:00,12.685
2019-03-26T12:00:00+00:00,12.654
2019-03-26T18:00:00+00:00,12.618
2019-03-27T00:00:00+00:00,12.578
2019-03-27T06:00:00+00:00,12.538
2019-03-27T12:00:00+00:00,12.498
2019-03-27T18:00:00+00:00,12.459
2019-03-28T00:00:00+00:00,12.421
2019-03-28T06:00:00+00:00,12.384
2019-03-28T12:00:00+00:00,12.347
2019-03-28T18:00:00+00:00,12.311
2019-03-29T00:00:00+00:00,12.275
2019-03-29T06:00:00+00:00,12.239
2019-03-29T12:00:00+00:00,12.203
2019-03-29T18:00:00+00:00,12.168
2019-03-30T00:00:00+00:00,12.133
2019-03-30T06:00:00+00:00,12.097
2019-03-30T12:00:00+00:00,12.062
2019-03-30T18:00:00+00:00,12.027
2019-03-31T00:00:00+00:00,11.992
2019-03-31T06:00:00+00:00,11.958
2019-03-31T12:00:00+00:00,11.923
2019-03-31T18:00:00+00:00,11.889
2019-04-01T00:00:00+00:00,11.854
2019-04-01T06:00:00+00:00,11.820
2019-04-01T12:00:00+00:00,11.786
2019-04-01T18:00:00+00:00,11.752
2019-04-02T00:00:00+00:00,11.718
2019-04-02T06:00:00+00:00,11.684
2019-04-02T12:00:00+00:00,11.651
2019-04-02T18:00:00+00:00,11.617
2019-04-03T00:00:00+00:00,11.584
2019-04-03T06:00:00+00:00,11.551
2019-04-03T12:00:00+00:00,11.518
2019-04-03T18:00:00+00:00,11.485
2019-04-04T00:00:00+00:00,11.452
2019-04-04T06:00:00+00:00,11.419
2019-04-04T12:00:00+00:00,11.386
2019-04-04T18:00:00+00:00,11.354
2019-04-05T00:00:00+00:00,11.321
2019-04-05T06:00:00+00:00,11.289
2019-04-05T12:00:00+00:00,11.257
2019-04-05T18:00:00+00:00,11.225
2019-04-06T00:00:00+00:00,11.200
2019-04-06T06:00:00+00:00,11.215
2019-04-06T12:00:00+00:00,11.241
2019-04-06T18:00:00+00:00,11.232
2019-04-07T00:00:00+00:00,11.188
2019-04-07T06:00:00+00:00,11.142
2019-04-07T12:00:00+00:00,11.184
2019-04-07T18:00:00+00:00,11.666
2019-04-08T00:00:00+00:00,12.201
2019-04-08T06:00:00+00:00,12.335
2019-04-08T12:00:00+00:00,12.108
2019-04-08T18:00:00+00:00,11.746
2019-04-09T00:00:00+00:00,11.403
2019-04-09T06:00:00+00:00,11.140
2019-04-09T12:00:00+00:00,10.958
2019-04-09T18:00:00+00:00,10.836
2019-04-10T00:00:00+00:00,10.762
2019-04-10T06:00:00+00:00,10.753
2019-04-10T12:00:00+00:00,10.742
2019-04-10T18:00:00+00:00,10.713
2019-04-11T00:00:00+00:00,10.664
2019-04-11T06:00:00+00:00,10.608
2019-04-11T12:00:00+00:00,10.557
2019-04-11T18:00:00+00:00,10.511
2019-04-12T00:00:00+00:00,10.472
2019-04-12T06:00:00+00:00,10.437
2019-04-12T12:00:00+00:00,10.405
2019-04-12T18:00:00+00:00,10.374
2019-04-13T00:00:00+00:00,10.343
2019-04-13T06:00:00+00:00,10.314
2019-04-13T12:00:00+00:00,10.287
2019-04-13T18:00:00+00:00,10.265
2019-04-14T00:00:00+00:00,10.243
2019-04-14T06:00:00+00:00,10.223
2019-04-14T12:00:00+00:00,10.233
2019-04-14T18:00:00+00:00,10.243
2019-04-15T00:00:00+00:00,10.223
2019-04-15T06:00:00+00:00,10.177
2019-04-15T12:00:00+00:00,10.124
2019-04-15T18:00:00+00:00,10.073
2019-04-16T00:00:00+00:00,10.029
2019-04-16T06:00:00+00:00,9.991
2019-04-16T12:00:00+00:00,9.956
2019-04-16T18:00:00+00:00,9.925
2019-04-17T00:00:00+00:00,9.959
2019-04-17T06:00:00+00:00,10.293
2019-04-17T12:00:00+00:00,10.606
2019-04-17T18:00:00+00:00,10.643
2019-04-18T00:00:00+00:00,10.480
2019-04-18T06:00:00+00:00,10.254
2019-04-18T12:00:00+00:00,10.052
2019-04-18T18:00:00+00:00,9.903
2019-04-19T00:00:00+00:00,9.800
2019-04-19T06:00:00+00:00,9.725
2019-04-19T12:00:00+00:00,9.669
2019-04-19T18:00:00+00:00,9.624
2019-04-20T00:00:00+00:00,9.580
2019-04-20T06:00:00+00:00,9.551
2019-04-20T12:00:00+00:00,9.523
2019-04-20T18:00:00+00:00,9.496
2019-04-21T00:00:00+00:00,9.470
2019-04-21T06:00:00+00:00,9.444
2019-04-21T12:00:00+00:00,9.418
2019-04-21T18:00:00+00:00,9.393
2019-04-22T00:00:00+00:00,9.367
2019-04-22T06:00:00+00:00,9.342
2019-04-22T12:00:00+00:00,9.316
2019-04-22T18:00:00+00:00,9.292
2019-04-23T00:00:00+00:00,9.272
2019-04-23T06:00:00+00:00,9.255
2019-04-23T12:00:00+00:00,9.234
2019-04-23T18:00:00+00:00,9.208
2019-04-24T00:00:00+00:00,9.179
2019-04-24T06:00:00+00:00,9.150
2019-04-24T12:00:00+00:00,9.122
2019-04-24T18:00:00+00:00,9.095
2019-04-25T00:00:00+00:00,9.069
2019-04-25T06:00:00+00:00,9.044
2019-04-25T12:00:00+00:00,9.019
2019-04-25T18:00:00+00:00,8.995
2019-04-26T00:00:00+00:00,8.983
2019-04-26T06:00:00+00:00,9.033
2019-04-26T12:00:00+00:00,9.076
2019-04-26T18:00:00+00:00,9.068
2019-04-27T00:00:00+00:00,9.097
2019-04-27T06:00:00+00:00,9.469
2019-04-27T12:00:00+00:00,9.798
2019-04-27T18:00:00+00:00,9.802
2019-04-28T00:00:00+00:00,9.724
2019-04-28T06:00:00+00:00,10.249
2019-04-28T12:00:00+00:00,10.953
2019-04-28T18:00:00+00:00,13.112
2019-04-29T00:00:00+00:00,20.435
2019-04-29T06:00:00+00:00,26.641
2019-04-29T12:00:00+00:00,27.205
2019-04-29T18:00:00+00:00,23.822
2019-04-30T00:00:00+00:00,19.376
2019-04-30T06:00:00+00:00,15.531
2019-04-30T12:00:00+00:00,12.767
2019-04-30T18:00:00+00:00,10.989
2019-05-01T00:00:00+00:00,9.912
2019-05-01T06:00:00+00:00,9.312
2019-05-01T12:00:00+00:00,8.964
2019-05-01T18:00:00+00:00,8.672
2019-05-02T00:00:00+00:00,8.623
2019-05-02T06:00:00+00:00,8.598
2019-05-02T12:00:00+00:00,8.575
2019-05-02T18:00:00+00:00,8.552
2019-05-03T00:00:00+00:00,8.529
2019-05-03T06:00:00+00:00,8.506
2019-05-03T12:00:00+00:00,8.484
2019-05-03T18:00:00+00:00,8.461
2019-05-04T00:00:00+00:00,8.439
2019-05-04T06:00:00+00:00,8.417
2019-05-04T12:00:00+00:00,8.394
2019-05-04T18:00:00+00:00,8.372
2019-05-05T00:00:00+00:00,8.350
2019-05-05T06:00:00+00:00,8.328
2019-05-05T12:00:00+00:00,8.306
2019-05-05T18:00:00+00:00,8.284
2019-05-06T00:00:00+00:00,8.262
2019-05-06T06:00:00+00:00,8.241
2019-05-06T12:00:00+00:00,8.219
2019-05-06T18:00:00+00:00,8.199
2019-05-07T00:00:00+00:00,8.190
2019-05-07T06:00:00+00:00,8.209
2019-05-07T12:00:00+00:00,8.219
2019-05-07T18:00:00+00:00,8.247
2019-05-08T00:00:00+00:00,8.688
2019-05-08T06:00:00+00:00,10.058
2019-05-08T12:00:00+00:00,11.092
2019-05-08T18:00:00+00:00,11.092
2019-05-09T00:00:00+00:00,10.459
2019-05-09T06:00:00+00:00,9.688
2019-05-09T12:00:00+00:00,9.038
2019-05-09T18:00:00+00:00,8.574
2019-05-10T00:00:00+00:00,8.274
2019-05-10T06:00:00+00:00,8.090
2019-05-10T12:00:00+00:00,7.979
2019-05-10T18:00:00+00:00,7.905
2019-05-11T00:00:00+00:00,7.842
2019-05-11T06:00:00+00:00,7.999
2019-05-11T12:00:00+00:00,9.065
2019-05-11T18:00:00+00:00,10.324
2019-05-12T00:00:00+00:00,10.841
2019-05-12T06:00:00+00:00,10.988
2019-05-12T12:00:00+00:00,11.180
2019-05-12T18:00:00+00:00,11.037
2019-05-13T00:00:00+00:00,10.427
2019-05-13T06:00:00+00:00,9.653
2019-05-13T12:00:00+00:00,8.953
2019-05-13T18:00:00+00:00,8.426
2019-05-14T00:00:00+00:00,8.071
2019-05-14T06:00:00+00:00,7.829
2019-05-14T12:00:00+00:00,7.696
2019-05-14T18:00:00+00:00,7.621
2019-05-15T00:00:00+00:00,7.564
2019-05-15T06:00:00+00:00,7.524
2019-05-15T12:00:00+00:00,7.506
2019-05-15T18:00:00+00:00,7.494
2019-05-16T00:00:00+00:00,7.483
2019-05-16T06:00:00+00:00,7.465
2019-05-16T12:00:00+00:00,7.442
2019-05-16T18:00:00+00:00,7.421
2019-05-17T00:00:00+00:00,7.411
2019-05-17T06:00:00+00:00,7.400
2019-05-17T12:00:00+00:00,7.381
2019-05-17T18:00:00+00:00,7.357
2019-05-18T00:00:00+00:00,7.330
2019-05-18T06:00:00+00:00,7.306
2019-05-18T12:00:00+00:00,7.283
2019-05-18T18:00:00+00:00,7.261
2019-05-19T00:00:00+00:00,7.241
2019-05-19T06:00:00+00:00,7.222
2019-05-19T12:00:00+00:00,7.203
2019-05-19T18:00:00+00:00,7.185
2019-05-20T00:00:00+00:00,7.166
2019-05-20T06:00:00+00:00,7.148
2019-05-20T12:00:00+00:00,7.130
2019-05-20T18:00:00+00:00,7.112
2019-05-21T00:00:00+00:00,7.094
2019-05-21T06:00:00+00:00,7.076
2019-05-21T12:00:00+00:00,7.059
2019-05-21T18:00:00+00:00,7.049
2019-05-22T00:00:00+00:00,7.037
2019-05-22T06:00:00+00:00,7.020
2019-05-22T12:00:00+00:00,7.000
2019-05-22T18:00:00+00:00,6.978
2019-05-23T00:00:00+00:00,6.958
2019-05-23T06:00:00+00:00,6.938
2019-05-23T12:00:00+00:00,6.964
2019-05-23T18:00:00+00:00,7.267
2019-05-24T00:00:00+00:00,8.225
2019-05-24T06:00:00+00:00,11.647
2019-05-24T12:00:00+00:00,18.783
2019-05-24T18:00:00+00:00,24.055
2019-05-25T00:00:00+00:00,24.224
2019-05-25T06:00:00+00:00,20.933
2019-05-25T12:00:00+00:00,16.773
2019-05-25T18:00:00+00:00,13.215
2019-05-26T00:00:00+00:00,10.679
2019-05-26T06:00:00+00:00,9.061
2019-05-26T12:00:00+00:00,8.096
2019-05-26T18:00:00+00:00,7.549
2019-05-27T00:00:00+00:00,7.216
2019-05-27T06:00:00+00:00,6.988
2019-05-27T12:00:00+00:00,6.941
2019-05-27T18:00:00+00:00,6.930
2019-05-28T00:00:00+00:00,6.919
2019-05-28T06:00:00+00:00,6.902
2019-05-28T12:00:00+00:00,6.882
2019-05-28T18:00:00+00:00,6.981
2019-05-29T00:00:00+00:00,7.778
2019-05-29T06:00:00+00:00,9.167
2019-05-29T12:00:00+00:00,10.269
2019-05-29T18:00:00+00:00,10.431
2019-05-30T00:00:00+00:00,9.823
2019-05-30T06:00:00+00:00,8.966
2019-05-30T12:00:00+00:00,8.191
2019-05-30T18:00:00+00:00,7.634
2019-05-31T00:00:00+00:00,7.316
2019-05-31T06:00:00+00:00,7.267
2019-05-31T12:00:00+00:00,7.274
2019-05-31T18:00:00+00:00,7.192
2019-06-01T00:00:00+00:00,7.247
2019-06-01T06:00:00+00:00,8.400
2019-06-01T12:00:00+00:00,10.563
2019-06-01T18:00:00+00:00,12.423
2019-06-02T00:00:00+00:00,13.488
2019-06-02T06:00:00+00:00,13.944
2019-06-02T12:00:00+00:00,13.869
2019-06-02T18:00:00+00:00,14.805
2019-06-03T00:00:00+00:00,16.744
2019-06-03T06:00:00+00:00,21.485
2019-06-03T12:00:00+00:00,29.110
2019-06-03T18:00:00+00:00,33.468
2019-06-04T00:00:00+00:00,32.057
2019-06-04T06:00:00+00:00,26.971
2019-06-04T12:00:00+00:00,21.326
2019-06-04T18:00:00+00:00,16.694
2019-06-05T00:00:00+00:00,13.450
2019-06-05T06:00:00+00:00,11.409
2019-06-05T12:00:00+00:00,10.169
2019-06-05T18:00:00+00:00,9.491
2019-06-06T00:00:00+00:00,9.067
2019-06-06T06:00:00+00:00,8.812
2019-06-06T12:00:00+00:00,8.747
2019-06-06T18:00:00+00:00,8.720
2019-06-07T00:00:00+00:00,8.696
2019-06-07T06:00:00+00:00,8.671
2019-06-07T12:00:00+00:00,8.649
2019-06-07T18:00:00+00:00,8.632
2019-06-08T00:00:00+00:00,8.615
2019-06-08T06:00:00+00:00,8.592
2019-06-08T12:00:00+00:00,8.567
2019-06-08T18:00:00+00:00,8.547
2019-06-09T00:00:00+00:00,8.527
2019-06-09T06:00:00+00:00,8.502
2019-06-09T12:00:00+00:00,8.475
2019-06-09T18:00:00+00:00,8.447
2019-06-10T00:00:00+00:00,8.420
2019-06-10T06:00:00+00:00,8.395
2019-06-10T12:00:00+00:00,8.370
2019-06-10T18:00:00+00:00,8.347
2019-06-11T00:00:00+00:00,8.323
2019-06-11T06:00:00+00:00,8.301
2019-06-11T12:00:00+00:00,8.279
2019-06-11T18:00:00+00:00,8.264
2019-06-12T00:00:00+00:00,8.248
2019-06-12T06:00:00+00:00,8.226
2019-06-12T12:00:00+00:00,8.201
2019-06-12T18:00:00+00:00,8.175
2019-06-13T00:00:00+00:00,8.150
2019-06-13T06:00:00+00:00,8.126
2019-06-13T12:00:00+00:00,8.102
2019-06-13T18:00:00+00:00,8.080
2019-06-14T00:00:00+00:00,8.057
2019-06-14T06:00:00+00:00,8.035
2019-06-14T12:00:00+00:00,8.013
2019-06-14T18:00:00+00:00,7.992
2019-06-15T00:00:00+00:00,7.970
2019-06-15T06:00:00+00:00,7.949
2019-06-15T12:00:00+00:00,7.929
2019-06-15T18:00:00+00:00,7.915
2019-06-16T00:00:00+00:00,7.900
2019-06-16T06:00:00+00:00,7.880
2019-06-16T12:00:00+00:00,7.856
2019-06-16T18:00:00+00:00,7.831
2019-06-17T00:00:00+00:00,7.807
2019-06-17T06:00:00+00:00,7.784
2019-06-17T12:00:00+00:00,7.763
2019-06-17T18:00:00+00:00,7.748
2019-06-18T00:00:00+00:00,7.734
2019-06-18T06:00:00+00:00,7.714
2019-06-18T12:00:00+00:00,7.690
2019-06-18T18:00:00+00:00,7.666
2019-06-19T00:00:00+00:00,7.642
2019-06-19T06:00:00+00:00,7.620
2019-06-19T12:00:00+00:00,7.598
2019-06-19T18:00:00+00:00,7.577
2019-06-20T00:00:00+00:00,7.557
2019-06-20T06:00:00+00:00,7.536
2019-06-20T12:00:00+00:00,7.516
2019-06-20T18:00:00+00:00,7.496
2019-06-21T00:00:00+00:00,7.476
2019-06-21T06:00:00+00:00,7.457
2019-06-21T12:00:00+00:00,7.437
2019-06-21T18:00:00+00:00,7.417
2019-06-22T00:00:00+00:00,7.398
2019-06-22T06:00:00+00:00,7.378
2019-06-22T12:00:00+00:00,7.360
2019-06-22T18:00:00+00:00,7.348
2019-06-23T00:00:00+00:00,7.335
2019-06-23T06:00:00+00:00,7.317
2019-06-23T12:00:00+00:00,7.296
2019-06-23T18:00:00+00:00,7.280
2019-06-24T00:00:00+00:00,7.264
2019-06-24T06:00:00+00:00,7.244
2019-06-24T12:00:00+00:00,7.221
2019-06-24T18:00:00+00:00,7.197
2019-06-25T00:00:00+00:00,7.175
2019-06-25T06:00:00+00:00,7.153
2019-06-25T12:00:00+00:00,7.133
2019-06-25T18:00:00+00:00,7.115
2019-06-26T00:00:00+00:00,7.103
2019-06-26T06:00:00+00:00,7.090
2019-06-26T12:00:00+00:00,7.073
2019-06-26T18:00:00+00:00,7.082
2019-06-27T00:00:00+00:00,7.255
2019-06-27T06:00:00+00:00,7.506
2019-06-27T12:00:00+00:00,7.624
2019-06-27T18:00:00+00:00,7.566
2019-06-28T00:00:00+00:00,7.426
2019-06-28T06:00:00+00:00,7.274
2019-06-28T12:00:00+00:00,7.139
2019-06-28T18:00:00+00:00,7.034
2019-06-29T00:00:00+00:00,6.958
2019-06-29T06:00:00+00:00,6.904
2019-06-29T12:00:00+00:00,6.865
2019-06-29T18:00:00+00:00,6.832
2019-06-30T00:00:00+00:00,6.808
2019-06-30T06:00:00+00:00,6.789
2019-06-30T12:00:00+00:00,6.771
2019-06-30T18:00:00+00:00,6.753
2019-07-01T00:00:00+00:00,6.736
2019-07-01T06:00:00+00:00,6.718
2019-07-01T12:00:00+00:00,6.701
2019-07-01T18:00:00+00:00,6.684
2019-07-02T00:00:00+00:00,6.667
2019-07-02T06:00:00+00:00,6.650
2019-07-02T12:00:00+00:00,6.633
2019-07-02T18:00:00+00:00,6.616
2019-07-03T00:00:00+00:00,6.599
2019-07-03T06:00:00+00:00,6.582
2019-07-03T12:00:00+00:00,6.565
2019-07-03T18:00:00+00:00,6.910
2019-07-04T00:00:00+00:00,8.976
2019-07-04T06:00:00+00:00,11.138
2019-07-04T12:00:00+00:00,13.120
2019-07-04T18:00:00+00:00,14.622
2019-07-05T00:00:00+00:00,14.674
2019-07-05T06:00:00+00:00,13.890
2019-07-05T12:00:00+00:00,14.984
2019-07-05T18:00:00+00:00,16.458
2019-07-06T00:00:00+00:00,16.139
2019-07-06T06:00:00+00:00,14.255
2019-07-06T12:00:00+00:00,11.958
2019-07-06T18:00:00+00:00,9.951
2019-07-07T00:00:00+00:00,8.554
2019-07-07T06:00:00+00:00,7.625
2019-07-07T12:00:00+00:00,7.081
2019-07-07T18:00:00+00:00,6.787
2019-07-08T00:00:00+00:00,6.623
2019-07-08T06:00:00+00:00,6.483
2019-07-08T12:00:00+00:00,6.437
2019-07-08T18:00:00+00:00,6.419
2019-07-09T00:00:00+00:00,6.400
2019-07-09T06:00:00+00:00,6.383
2019-07-09T12:00:00+00:00,6.366
2019-07-09T18:00:00+00:00,6.350
2019-07-10T00:00:00+00:00,6.341
2019-07-10T06:00:00+00:00,6.331
2019-07-10T12:00:00+00:00,6.316
2019-07-10T18:00:00+00:00,6.297
2019-07-11T00:00:00+00:00,6.277
2019-07-11T06:00:00+00:00,6.258
2019-07-11T12:00:00+00:00,6.240
2019-07-11T18:00:00+00:00,6.224
2019-07-12T00:00:00+00:00,6.215
2019-07-12T06:00:00+00:00,6.205
2019-07-12T12:00:00+00:00,6.190
2019-07-12T18:00:00+00:00,6.171
2019-07-13T00:00:00+00:00,6.152
2019-07-13T06:00:00+00:00,6.133
2019-07-13T12:00:00+00:00,6.115
2019-07-13T18:00:00+00:00,6.098
2019-07-14T00:00:00+00:00,6.082
2019-07-14T06:00:00+00:00,6.067
2019-07-14T12:00:00+00:00,6.051
2019-07-14T18:00:00+00:00,6.036
2019-07-15T00:00:00+00:00,6.021
2019-07-15T06:00:00+00:00,6.005
2019-07-15T12:00:00+00:00,5.990
2019-07-15T18:00:00+00:00,5.975
2019-07-16T00:00:00+00:00,6.054
2019-07-16T06:00:00+00:00,6.578
2019-07-16T12:00:00+00:00,7.057
2019-07-16T18:00:00+00:00,7.132
2019-07-17T00:00:00+00:00,6.918
2019-07-17T06:00:00+00:00,6.614
2019-07-17T12:00:00+00:00,6.340
2019-07-17T18:00:00+00:00,6.136
2019-07-18T00:00:00+00:00,6.000
2019-07-18T06:00:00+00:00,5.913
2019-07-18T12:00:00+00:00,5.859
2019-07-18T18:00:00+00:00,5.830
2019-07-19T00:00:00+00:00,5.801
2019-07-19T06:00:00+00:00,5.786
2019-07-19T12:00:00+00:00,5.769
2019-07-19T18:00:00+00:00,5.751
2019-07-20T00:00:00+00:00,5.733
2019-07-20T06:00:00+00:00,5.717
2019-07-20T12:00:00+00:00,5.701
2019-07-20T18:00:00+00:00,5.686
2019-07-21T00:00:00+00:00,5.672
2019-07-21T06:00:00+00:00,5.658
2019-07-21T12:00:00+00:00,5.643
2019-07-21T18:00:00+00:00,5.629
2019-07-22T00:00:00+00:00,5.616
2019-07-22T06:00:00+00:00,5.602
2019-07-22T12:00:00+00:00,5.588
2019-07-22T18:00:00+00:00,5.574
2019-07-23T00:00:00+00:00,5.561
2019-07-23T06:00:00+00:00,5.547
2019-07-23T12:00:00+00:00,5.533
2019-07-23T18:00:00+00:00,5.520
2019-07-24T00:00:00+00:00,5.506
2019-07-24T06:00:00+00:00,5.493
2019-07-24T12:00:00+00:00,5.479
2019-07-24T18:00:00+00:00,5.467
2019-07-25T00:00:00+00:00,5.461
2019-07-25T06:00:00+00:00,5.454
2019-07-25T12:00:00+00:00,5.441
2019-07-25T18:00:00+00:00,5.425
2019-07-26T00:00:00+00:00,5.408
2019-07-26T06:00:00+00:00,5.392
2019-07-26T12:00:00+00:00,5.376
2019-07-26T18:00:00+00:00,5.362
2019-07-27T00:00:00+00:00,5.348
2019-07-27T06:00:00+00:00,5.335
2019-07-27T12:00:00+00:00,5.321
2019-07-27T18:00:00+00:00,5.308
2019-07-28T00:00:00+00:00,5.295
2019-07-28T06:00:00+00:00,5.282
2019-07-28T12:00:00+00:00,5.270
2019-07-28T18:00:00+00:00,5.257
2019-07-29T00:00:00+00:00,5.244
2019-07-29T06:00:00+00:00,5.231
2019-07-29T12:00:00+00:00,5.219
2019-07-29T18:00:00+00:00,5.206
2019-07-30T00:00:00+00:00,5.194
2019-07-30T06:00:00+00:00,5.181
2019-07-30T12:00:00+00:00,5.168
2019-07-30T18:00:00+00:00,5.156
2019-07-31T00:00:00+00:00,5.144
2019-07-31T06:00:00+00:00,5.131
2019-07-31T12:00:00+00:00,5.120
2019-07-31T18:00:00+00:00,5.115
2019-08-01T00:00:00+00:00,5.109
2019-08-01T06:00:00+00:00,5.097
2019-08-01T12:00:00+00:00,5.082
2019-08-01T18:00:00+00:00,5.067
2019-08-02T00:00:00+00:00,5.051
2019-08-02T06:00:00+00:00,5.037
2019-08-02T12:00:00+00:00,5.023
2019-08-02T18:00:00+00:00,5.010
2019-08-03T00:00:00+00:00,4.998
2019-08-03T06:00:00+00:00,4.986
2019-08-03T12:00:00+00:00,4.974
2019-08-03T18:00:00+00:00,4.967
2019-08-04T00:00:00+00:00,4.958
2019-08-04T06:00:00+00:00,4.948
2019-08-04T12:00:00+00:00,4.941
2019-08-04T18:00:00+00:00,4.945
2019-08-05T00:00:00+00:00,4.945
2019-08-05T06:00:00+00:00,4.932
2019-08-05T12:00:00+00:00,4.911
2019-08-05T18:00:00+00:00,4.889
2019-08-06T00:00:00+00:00,4.870
2019-08-06T06:00:00+00:00,4.852
2019-08-06T12:00:00+00:00,4.837
2019-08-06T18:00:00+00:00,4.824
2019-08-07T00:00:00+00:00,4.811
2019-08-07T06:00:00+00:00,4.799
2019-08-07T12:00:00+00:00,4.787
2019-08-07T18:00:00+00:00,4.776
2019-08-08T00:00:00+00:00,4.765
2019-08-08T06:00:00+00:00,4.753
2019-08-08T12:00:00+00:00,4.742
2019-08-08T18:00:00+00:00,4.731
2019-08-09T00:00:00+00:00,4.720
2019-08-09T06:00:00+00:00,4.709
2019-08-09T12:00:00+00:00,4.698
2019-08-09T18:00:00+00:00,4.686
2019-08-10T00:00:00+00:00,4.677
2019-08-10T06:00:00+00:00,4.676
2019-08-10T12:00:00+00:00,4.674
2019-08-10T18:00:00+00:00,4.664
2019-08-11T00:00:00+00:00,4.649
2019-08-11T06:00:00+00:00,4.633
2019-08-11T12:00:00+00:00,4.618
2019-08-11T18:00:00+00:00,4.604
2019-08-12T00:00:00+00:00,4.591
2019-08-12T06:00:00+00:00,4.579
2019-08-12T12:00:00+00:00,4.567
2019-08-12T18:00:00+00:00,4.556
2019-08-13T00:00:00+00:00,4.545
2019-08-13T06:00:00+00:00,4.535
2019-08-13T12:00:00+00:00,4.524
2019-08-13T18:00:00+00:00,4.514
2019-08-14T00:00:00+00:00,4.503
2019-08-14T06:00:00+00:00,4.492
2019-08-14T12:00:00+00:00,4.482
2019-08-14T18:00:00+00:00,4.472
2019-08-15T00:00:00+00:00,4.461
2019-08-15T06:00:00+00:00,4.451
2019-08-15T12:00:00+00:00,4.440
2019-08-15T18:00:00+00:00,4.430
2019-08-16T00:00:00+00:00,4.420
2019-08-16T06:00:00+00:00,4.409
2019-08-16T12:00:00+00:00,4.399
2019-08-16T18:00:00+00:00,4.389
2019-08-17T00:00:00+00:00,4.379
2019-08-17T06:00:00+00:00,4.369
2019-08-17T12:00:00+00:00,4.358
2019-08-17T18:00:00+00:00,4.348
2019-08-18T00:00:00+00:00,4.338
2019-08-18T06:00:00+00:00,4.328
2019-08-18T12:00:00+00:00,4.318
2019-08-18T18:00:00+00:00,4.308
2019-08-19T00:00:00+00:00,4.298
2019-08-19T06:00:00+00:00,4.288
2019-08-19T12:00:00+00:00,4.290
2019-08-19T18:00:00+00:00,4.344
2019-08-20T00:00:00+00:00,4.391
2019-08-20T06:00:00+00:00,4.388
2019-08-20T12:00:00+00:00,4.353
2019-08-20T18:00:00+00:00,4.309
2019-08-21T00:00:00+00:00,4.270
2019-08-21T06:00:00+00:00,4.240
2019-08-21T12:00:00+00:00,4.217
2019-08-21T18:00:00+00:00,4.199
2019-08-22T00:00:00+00:00,4.185
2019-08-22T06:00:00+00:00,4.174
2019-08-22T12:00:00+00:00,4.162
2019-08-22T18:00:00+00:00,4.152
2019-08-23T00:00:00+00:00,4.143
2019-08-23T06:00:00+00:00,4.133
2019-08-23T12:00:00+00:00,4.142
2019-08-23T18:00:00+00:00,4.238
2019-08-24T00:00:00+00:00,4.322
2019-08-24T06:00:00+00:00,4.325
2019-08-24T12:00:00+00:00,4.274
2019-08-24T18:00:00+00:00,4.208
2019-08-25T00:00:00+00:00,4.151
2019-08-25T06:00:00+00:00,4.107
2019-08-25T12:00:00+00:00,4.076
2019-08-25T18:00:00+00:00,4.054
2019-08-26T00:00:00+00:00,4.038
2019-08-26T06:00:00+00:00,4.025
2019-08-26T12:00:00+00:00,4.012
2019-08-26T18:00:00+00:00,4.003
2019-08-27T00:00:00+00:00,3.994
2019-08-27T06:00:00+00:00,3.985
2019-08-27T12:00:00+00:00,3.976
2019-08-27T18:00:00+00:00,3.967
2019-08-28T00:00:00+00:00,3.958
2019-08-28T06:00:00+00:00,3.949
2019-08-28T12:00:00+00:00,3.940
2019-08-28T18:00:00+00:00,3.931
2019-08-29T00:00:00+00:00,3.922
2019-08-29T06:00:00+00:00,3.913
2019-08-29T12:00:00+00:00,3.904
2019-08-29T18:00:00+00:00,3.895
2019-08-30T00:00:00+00:00,3.886
2019-08-30T06:00:00+00:00,3.878
2019-08-30T12:00:00+00:00,3.869
2019-08-30T18:00:00+00:00,3.860
2019-08-31T00:00:00+00:00,3.851
2019-08-31T06:00:00+00:00,3.843
2019-08-31T12:00:00+00:00,3.834
2019-08-31T18:00:00+00:00,3.883
2019-09-01T00:00:00+00:00,4.230
2019-09-01T06:00:00+00:00,4.659
2019-09-01T12:00:00+00:00,4.898
2019-09-01T18:00:00+00:00,5.379
2019-09-02T00:00:00+00:00,7.179
2019-09-02T06:00:00+00:00,11.286
2019-09-02T12:00:00+00:00,15.033
2019-09-02T18:00:00+00:00,15.747
2019-09-03T00:00:00+00:00,13.822
2019-09-03T06:00:00+00:00,11.000
2019-09-03T12:00:00+00:00,8.469
2019-09-03T18:00:00+00:00,6.734
2019-09-04T00:00:00+00:00,6.173
2019-09-04T06:00:00+00:00,8.544
2019-09-04T12:00:00+00:00,10.805
2019-09-04T18:00:00+00:00,10.904
2019-09-05T00:00:00+00:00,9.517
2019-09-05T06:00:00+00:00,7.812
2019-09-05T12:00:00+00:00,6.368
2019-09-05T18:00:00+00:00,5.333
2019-09-06T00:00:00+00:00,4.671
2019-09-06T06:00:00+00:00,4.277
2019-09-06T12:00:00+00:00,4.051
2019-09-06T18:00:00+00:00,3.929
2019-09-07T00:00:00+00:00,3.809
2019-09-07T06:00:00+00:00,3.797
2019-09-07T12:00:00+00:00,3.787
2019-09-07T18:00:00+00:00,3.779
2019-09-08T00:00:00+00:00,3.770
2019-09-08T06:00:00+00:00,3.762
2019-09-08T12:00:00+00:00,3.753
2019-09-08T18:00:00+00:00,3.744
2019-09-09T00:00:00+00:00,3.736
2019-09-09T06:00:00+00:00,3.727
2019-09-09T12:00:00+00:00,3.719
2019-09-09T18:00:00+00:00,3.710
2019-09-10T00:00:00+00:00,3.702
2019-09-10T06:00:00+00:00,3.694
2019-09-10T12:00:00+00:00,3.685
2019-09-10T18:00:00+00:00,3.677
2019-09-11T00:00:00+00:00,3.668
2019-09-11T06:00:00+00:00,3.660
2019-09-11T12:00:00+00:00,3.652
2019-09-11T18:00:00+00:00,3.644
2019-09-12T00:00:00+00:00,3.635
2019-09-12T06:00:00+00:00,3.627
2019-09-12T12:00:00+00:00,3.619
2019-09-12T18:00:00+00:00,3.611
2019-09-13T00:00:00+00:00,3.603
2019-09-13T06:00:00+00:00,3.594
2019-09-13T12:00:00+00:00,3.586
2019-09-13T18:00:00+00:00,3.578
2019-09-14T00:00:00+00:00,3.573
2019-09-14T06:00:00+00:00,3.579
2019-09-14T12:00:00+00:00,3.583
2019-09-14T18:00:00+00:00,3.578
2019-09-15T00:00:00+00:00,3.568
2019-09-15T06:00:00+00:00,3.557
2019-09-15T12:00:00+00:00,3.543
2019-09-15T18:00:00+00:00,3.544
2019-09-16T00:00:00+00:00,3.619
2019-09-16T06:00:00+00:00,3.686
2019-09-16T12:00:00+00:00,3.686
2019-09-16T18:00:00+00:00,3.642
2019-09-17T00:00:00+00:00,3.586
2019-09-17T06:00:00+00:00,3.537
2019-09-17T12:00:00+00:00,3.501
2019-09-17T18:00:00+00:00,3.475
2019-09-18T00:00:00+00:00,3.460
2019-09-18T06:00:00+00:00,3.469
2019-09-18T12:00:00+00:00,3.478
2019-09-18T18:00:00+00:00,3.470
2019-09-19T00:00:00+00:00,3.454
2019-09-19T06:00:00+00:00,3.434
2019-09-19T12:00:00+00:00,3.416
2019-09-19T18:00:00+00:00,3.437
2019-09-20T00:00:00+00:00,3.634
2019-09-20T06:00:00+00:00,3.809
2019-09-20T12:00:00+00:00,3.825
2019-09-20T18:00:00+00:00,3.760
2019-09-21T00:00:00+00:00,3.837
2019-09-21T06:00:00+00:00,4.140
2019-09-21T12:00:00+00:00,4.421
2019-09-21T18:00:00+00:00,4.853
2019-09-22T00:00:00+00:00,5.078
2019-09-22T06:00:00+00:00,4.902
2019-09-22T12:00:00+00:00,4.515
2019-09-22T18:00:00+00:00,4.110
2019-09-23T00:00:00+00:00,3.794
2019-09-23T06:00:00+00:00,3.577
2019-09-23T12:00:00+00:00,3.439
2019-09-23T18:00:00+00:00,3.354
2019-09-24T00:00:00+00:00,3.302
2019-09-24T06:00:00+00:00,3.276
2019-09-24T12:00:00+00:00,3.250
2019-09-24T18:00:00+00:00,3.243
2019-09-25T00:00:00+00:00,3.235
2019-09-25T06:00:00+00:00,3.305
2019-09-25T12:00:00+00:00,3.832
2019-09-25T18:00:00+00:00,4.744
2019-09-26T00:00:00+00:00,5.256
2019-09-26T06:00:00+00:00,5.136
2019-09-26T12:00:00+00:00,4.685
2019-09-26T18:00:00+00:00,4.196
2019-09-27T00:00:00+00:00,3.803
2019-09-27T06:00:00+00:00,3.533
2019-09-27T12:00:00+00:00,3.364
2019-09-27T18:00:00+00:00,3.263
2019-09-28T00:00:00+00:00,3.205
2019-09-28T06:00:00+00:00,3.163
2019-09-28T12:00:00+00:00,3.137
2019-09-28T18:00:00+00:00,3.130
2019-09-29T00:00:00+00:00,3.123
2019-09-29T06:00:00+00:00,3.116
2019-09-29T12:00:00+00:00,3.109
2019-09-29T18:00:00+00:00,3.103
2019-09-30T00:00:00+00:00,3.096
2019-09-30T06:00:00+00:00,3.089
2019-09-30T12:00:00+00:00,3.082
2019-09-30T18:00:00+00:00,3.075
2019-10-01T00:00:00+00:00,3.069
2019-10-01T06:00:00+00:00,3.062
2019-10-01T12:00:00+00:00,3.055
2019-10-01T18:00:00+00:00,3.049
2019-10-02T00:00:00+00:00,3.042
2019-10-02T06:00:00+00:00,3.035
2019-10-02T12:00:00+00:00,3.029
2019-10-02T18:00:00+00:00,3.022
2019-10-03T00:00:00+00:00,3.015
2019-10-03T06:00:00+00:00,3.124
2019-10-03T12:00:00+00:00,3.779
2019-10-03T18:00:00+00:00,4.687
2019-10-04T00:00:00+00:00,6.656
2019-10-04T06:00:00+00:00,8.171
2019-10-04T12:00:00+00:00,8.137
2019-10-04T18:00:00+00:00,7.097
2019-10-05T00:00:00+00:00,5.830
2019-10-05T06:00:00+00:00,4.765
2019-10-05T12:00:00+00:00,4.013
2019-10-05T18:00:00+00:00,3.536
2019-10-06T00:00:00+00:00,3.254
2019-10-06T06:00:00+00:00,3.086
2019-10-06T12:00:00+00:00,3.104
2019-10-06T18:00:00+00:00,3.524
2019-10-07T00:00:00+00:00,3.950
2019-10-07T06:00:00+00:00,4.052
2019-10-07T12:00:00+00:00,4.340
2019-10-07T18:00:00+00:00,5.896
2019-10-08T00:00:00+00:00,7.434
2019-10-08T06:00:00+00:00,7.704
2019-10-08T12:00:00+00:00,6.925
2019-10-08T18:00:00+00:00,5.785
2019-10-09T00:00:00+00:00,4.752
2019-10-09T06:00:00+00:00,3.990
2019-10-09T12:00:00+00:00,3.483
2019-10-09T18:00:00+00:00,3.187
2019-10-10T00:00:00+00:00,3.017
2019-10-10T06:00:00+00:00,2.919
2019-10-10T12:00:00+00:00,2.840
2019-10-10T18:00:00+00:00,2.820
2019-10-11T00:00:00+00:00,2.813
2019-10-11T06:00:00+00:00,2.807
2019-10-11T12:00:00+00:00,2.801
2019-10-11T18:00:00+00:00,2.795
2019-10-12T00:00:00+00:00,2.789
2019-10-12T06:00:00+00:00,2.783
2019-10-12T12:00:00+00:00,2.777
2019-10-12T18:00:00+00:00,2.771
2019-10-13T00:00:00+00:00,2.765
2019-10-13T06:00:00+00:00,2.759
2019-10-13T12:00:00+00:00,2.753
2019-10-13T18:00:00+00:00,2.747
2019-10-14T00:00:00+00:00,2.771
2019-10-14T06:00:00+00:00,2.946
2019-10-14T12:00:00+00:00,3.132
2019-10-14T18:00:00+00:00,3.184
2019-10-15T00:00:00+00:00,3.283
2019-10-15T06:00:00+00:00,4.064
2019-10-15T12:00:00+00:00,4.746
2019-10-15T18:00:00+00:00,4.767
2019-10-16T00:00:00+00:00,4.357
2019-10-16T06:00:00+00:00,3.845
2019-10-16T12:00:00+00:00,3.412
2019-10-16T18:00:00+00:00,3.105
2019-10-17T00:00:00+00:00,2.907
2019-10-17T06:00:00+00:00,2.796
2019-10-17T12:00:00+00:00,2.734
2019-10-17T18:00:00+00:00,2.696
2019-10-18T00:00:00+00:00,2.656
2019-10-18T06:00:00+00:00,2.648
2019-10-18T12:00:00+00:00,2.641
2019-10-18T18:00:00+00:00,2.634
2019-10-19T00:00:00+00:00,2.684
2019-10-19T06:00:00+00:00,3.185
2019-10-19T12:00:00+00:00,4.507
2019-10-19T18:00:00+00:00,5.463
2019-10-20T00:00:00+00:00,5.451
2019-10-20T06:00:00+00:00,4.860
2019-10-20T12:00:00+00:00,4.153
2019-10-20T18:00:00+00:00,3.565
2019-10-21T00:00:00+00:00,3.153
2019-10-21T06:00:00+00:00,2.949
2019-10-21T12:00:00+00:00,3.301
2019-10-21T18:00:00+00:00,4.620
2019-10-22T00:00:00+00:00,5.885
2019-10-22T06:00:00+00:00,6.156
2019-10-22T12:00:00+00:00,5.616
2019-10-22T18:00:00+00:00,4.768
2019-10-23T00:00:00+00:00,3.985
2019-10-23T06:00:00+00:00,3.403
2019-10-23T12:00:00+00:00,3.022
2019-10-23T18:00:00+00:00,2.790
2019-10-24T00:00:00+00:00,2.657
2019-10-24T06:00:00+00:00,2.577
2019-10-24T12:00:00+00:00,2.520
2019-10-24T18:00:00+00:00,2.501
2019-10-25T00:00:00+00:00,2.515
2019-10-25T06:00:00+00:00,2.622
2019-10-25T12:00:00+00:00,2.717
2019-10-25T18:00:00+00:00,2.725
2019-10-26T00:00:00+00:00,2.675
2019-10-26T06:00:00+00:00,2.610
2019-10-26T12:00:00+00:00,2.553
2019-10-26T18:00:00+00:00,2.511
2019-10-27T00:00:00+00:00,2.483
2019-10-27T06:00:00+00:00,2.464
2019-10-27T12:00:00+00:00,2.451
2019-10-27T18:00:00+00:00,2.442
2019-10-28T00:00:00+00:00,2.433
2019-10-28T06:00:00+00:00,2.578
2019-10-28T12:00:00+00:00,3.443
2019-10-28T18:00:00+00:00,4.385
2019-10-29T00:00:00+00:00,5.541
2019-10-29T06:00:00+00:00,7.079
2019-10-29T12:00:00+00:00,7.733
2019-10-29T18:00:00+00:00,7.153
2019-10-30T00:00:00+00:00,5.977
2019-10-30T06:00:00+00:00,4.790
2019-10-30T12:00:00+00:00,3.862
2019-10-30T18:00:00+00:00,3.233
2019-10-31T00:00:00+00:00,2.847
2019-10-31T06:00:00+00:00,2.625
2019-10-31T12:00:00+00:00,2.523
2019-10-31T18:00:00+00:00,2.446
2019-11-01T00:00:00+00:00,2.390
2019-11-01T06:00:00+00:00,2.373
2019-11-01T12:00:00+00:00,2.358
2019-11-01T18:00:00+00:00,2.347
2019-11-02T00:00:00+00:00,2.338
2019-11-02T06:00:00+00:00,2.331
2019-11-02T12:00:00+00:00,2.324
2019-11-02T18:00:00+00:00,2.319
2019-11-03T00:00:00+00:00,2.313
2019-11-03T06:00:00+00:00,2.308
2019-11-03T12:00:00+00:00,2.304
2019-11-03T18:00:00+00:00,2.299
2019-11-04T00:00:00+00:00,2.294
2019-11-04T06:00:00+00:00,2.289
2019-11-04T12:00:00+00:00,2.284
2019-11-04T18:00:00+00:00,2.280
2019-11-05T00:00:00+00:00,2.275
2019-11-05T06:00:00+00:00,2.270
2019-11-05T12:00:00+00:00,2.265
2019-11-05T18:00:00+00:00,2.263
2019-11-06T00:00:00+00:00,2.464
2019-11-06T06:00:00+00:00,3.580
2019-11-06T12:00:00+00:00,4.586
2019-11-06T18:00:00+00:00,4.732
2019-11-07T00:00:00+00:00,4.286
2019-11-07T06:00:00+00:00,3.677
2019-11-07T12:00:00+00:00,3.146
2019-11-07T18:00:00+00:00,2.767
2019-11-08T00:00:00+00:00,2.527
2019-11-08T06:00:00+00:00,2.385
2019-11-08T12:00:00+00:00,2.303
2019-11-08T18:00:00+00:00,2.255
2019-11-09T00:00:00+00:00,2.578
2019-11-09T06:00:00+00:00,4.697
2019-11-09T12:00:00+00:00,6.587
2019-11-09T18:00:00+00:00,6.852
2019-11-10T00:00:00+00:00,6.019
2019-11-10T06:00:00+00:00,5.216
2019-11-10T12:00:00+00:00,6.200
2019-11-10T18:00:00+00:00,7.595
2019-11-11T00:00:00+00:00,7.864
2019-11-11T06:00:00+00:00,7.082
2019-11-11T12:00:00+00:00,5.844
2019-11-11T18:00:00+00:00,4.636
2019-11-12T00:00:00+00:00,3.660
2019-11-12T06:00:00+00:00,3.039
2019-11-12T12:00:00+00:00,2.645
2019-11-12T18:00:00+00:00,2.410
2019-11-13T00:00:00+00:00,2.275
2019-11-13T06:00:00+00:00,2.166
2019-11-13T12:00:00+00:00,2.136
2019-11-13T18:00:00+00:00,2.122
2019-11-14T00:00:00+00:00,2.182
2019-11-14T06:00:00+00:00,3.029
2019-11-14T12:00:00+00:00,6.098
2019-11-14T18:00:00+00:00,8.795
2019-11-15T00:00:00+00:00,10.039
2019-11-15T06:00:00+00:00,10.062
2019-11-15T12:00:00+00:00,8.932
2019-11-15T18:00:00+00:00,7.223
2019-11-16T00:00:00+00:00,5.576
2019-11-16T06:00:00+00:00,4.298
2019-11-16T12:00:00+00:00,3.430
2019-11-16T18:00:00+00:00,2.891
2019-11-17T00:00:00+00:00,2.569
2019-11-17T06:00:00+00:00,2.349
2019-11-17T12:00:00+00:00,2.279
2019-11-17T18:00:00+00:00,2.225
2019-11-18T00:00:00+00:00,2.205
2019-11-18T06:00:00+00:00,2.200
2019-11-18T12:00:00+00:00,2.195
2019-11-18T18:00:00+00:00,2.190
2019-11-19T00:00:00+00:00,2.186
2019-11-19T06:00:00+00:00,2.181
2019-11-19T12:00:00+00:00,2.176
2019-11-19T18:00:00+00:00,2.172
2019-11-20T00:00:00+00:00,2.167
2019-11-20T06:00:00+00:00,2.162
2019-11-20T12:00:00+00:00,2.158
2019-11-20T18:00:00+00:00,2.153
2019-11-21T00:00:00+00:00,2.149
2019-11-21T06:00:00+00:00,2.144
2019-11-21T12:00:00+00:00,2.139
2019-11-21T18:00:00+00:00,2.135
2019-11-22T00:00:00+00:00,2.130
2019-11-22T06:00:00+00:00,2.126
2019-11-22T12:00:00+00:00,2.121
2019-11-22T18:00:00+00:00,2.117
2019-11-23T00:00:00+00:00,2.112
2019-11-23T06:00:00+00:00,2.108
2019-11-23T12:00:00+00:00,2.103
2019-11-23T18:00:00+00:00,2.161
2019-11-24T00:00:00+00:00,3.019
2019-11-24T06:00:00+00:00,6.252
2019-11-24T12:00:00+00:00,9.087
2019-11-24T18:00:00+00:00,9.563
2019-11-25T00:00:00+00:00,8.327
2019-11-25T06:00:00+00:00,6.547
2019-11-25T12:00:00+00:00,4.952
2019-11-25T18:00:00+00:00,3.787
2019-11-26T00:00:00+00:00,3.032
2019-11-26T06:00:00+00:00,2.580
2019-11-26T12:00:00+00:00,2.324
2019-11-26T18:00:00+00:00,2.178
2019-11-27T00:00:00+00:00,2.056
2019-11-27T06:00:00+00:00,2.107
2019-11-27T12:00:00+00:00,2.541
2019-11-27T18:00:00+00:00,3.321
2019-11-28T00:00:00+00:00,4.392
2019-11-28T06:00:00+00:00,5.209
2019-11-28T12:00:00+00:00,5.263
2019-11-28T18:00:00+00:00,4.731
2019-11-29T00:00:00+00:00,4.152
2019-11-29T06:00:00+00:00,3.681
2019-11-29T12:00:00+00:00,3.256
2019-11-29T18:00:00+00:00,2.870
2019-11-30T00:00:00+00:00,2.556
2019-11-30T06:00:00+00:00,2.322
2019-11-30T12:00:00+00:00,2.170
2019-11-30T18:00:00+00:00,2.069
2019-12-01T00:00:00+00:00,2.017
2019-12-01T06:00:00+00:00,2.021
2019-12-01T12:00:00+00:00,2.182
2019-12-01T18:00:00+00:00,2.362
2019-12-02T00:00:00+00:00,2.535
2019-12-02T06:00:00+00:00,2.923
2019-12-02T12:00:00+00:00,3.188
2019-12-02T18:00:00+00:00,3.137
2019-12-03T00:00:00+00:00,2.891
2019-12-03T06:00:00+00:00,2.600
2019-12-03T12:00:00+00:00,2.354
2019-12-03T18:00:00+00:00,2.254
2019-12-04T00:00:00+00:00,2.606
2019-12-04T06:00:00+00:00,3.108
2019-12-04T12:00:00+00:00,3.355
2019-12-04T18:00:00+00:00,3.336
2019-12-05T00:00:00+00:00,3.310
2019-12-05T06:00:00+00:00,3.361
2019-12-05T12:00:00+00:00,3.406
2019-12-05T18:00:00+00:00,5.085
2019-12-06T00:00:00+00:00,12.528
2019-12-06T06:00:00+00:00,19.230
2019-12-06T12:00:00+00:00,20.579
2019-12-06T18:00:00+00:00,17.848
2019-12-07T00:00:00+00:00,13.628
2019-12-07T06:00:00+00:00,9.712
2019-12-07T12:00:00+00:00,6.778
2019-12-07T18:00:00+00:00,4.838
2019-12-08T00:00:00+00:00,3.662
2019-12-08T06:00:00+00:00,2.993
2019-12-08T12:00:00+00:00,2.616
2019-12-08T18:00:00+00:00,2.307
2019-12-09T00:00:00+00:00,2.259
2019-12-09T06:00:00+00:00,2.239
2019-12-09T12:00:00+00:00,2.250
2019-12-09T18:00:00+00:00,2.454
2019-12-10T00:00:00+00:00,3.129
2019-12-10T06:00:00+00:00,3.657
2019-12-10T12:00:00+00:00,3.679
2019-12-10T18:00:00+00:00,3.385
2019-12-11T00:00:00+00:00,3.020
2019-12-11T06:00:00+00:00,2.711
2019-12-11T12:00:00+00:00,2.493
2019-12-11T18:00:00+00:00,2.466
2019-12-12T00:00:00+00:00,3.323
2019-12-12T06:00:00+00:00,5.616
2019-12-12T12:00:00+00:00,7.528
2019-12-12T18:00:00+00:00,7.798
2019-12-13T00:00:00+00:00,6.832
2019-12-13T06:00:00+00:00,5.490
2019-12-13T12:00:00+00:00,4.301
2019-12-13T18:00:00+00:00,3.438
2019-12-14T00:00:00+00:00,2.880
2019-12-14T06:00:00+00:00,2.547
2019-12-14T12:00:00+00:00,2.377
2019-12-14T18:00:00+00:00,2.463
2019-12-15T00:00:00+00:00,3.011
2019-12-15T06:00:00+00:00,3.522
2019-12-15T12:00:00+00:00,4.014
2019-12-15T18:00:00+00:00,6.212
2019-12-16T00:00:00+00:00,8.152
2019-12-16T06:00:00+00:00,8.423
2019-12-16T12:00:00+00:00,8.299
2019-12-16T18:00:00+00:00,10.685
2019-12-17T00:00:00+00:00,16.523
2019-12-17T06:00:00+00:00,24.378
2019-12-17T12:00:00+00:00,29.232
2019-12-17T18:00:00+00:00,28.494
2019-12-18T00:00:00+00:00,24.486
2019-12-18T06:00:00+00:00,19.935
2019-12-18T12:00:00+00:00,15.682
2019-12-18T18:00:00+00:00,12.261
2019-12-19T00:00:00+00:00,11.385
2019-12-19T06:00:00+00:00,11.774
2019-12-19T12:00:00+00:00,11.458
2019-12-19T18:00:00+00:00,10.094
2019-12-20T00:00:00+00:00,8.252
2019-12-20T06:00:00+00:00,6.637
2019-12-20T12:00:00+00:00,5.449
2019-12-20T18:00:00+00:00,4.658
2019-12-21T00:00:00+00:00,4.169
2019-12-21T06:00:00+00:00,4.373
2019-12-21T12:00:00+00:00,7.558
2019-12-21T18:00:00+00:00,11.867
2019-12-22T00:00:00+00:00,14.435
2019-12-22T06:00:00+00:00,14.560
2019-12-22T12:00:00+00:00,13.075
2019-12-22T18:00:00+00:00,10.969
2019-12-23T00:00:00+00:00,8.878
2019-12-23T06:00:00+00:00,7.204
2019-12-23T12:00:00+00:00,6.026
2019-12-23T18:00:00+00:00,5.269
2019-12-24T00:00:00+00:00,4.814
2019-12-24T06:00:00+00:00,4.501
2019-12-24T12:00:00+00:00,4.355
2019-12-24T18:00:00+00:00,4.285
2019-12-25T00:00:00+00:00,4.253
2019-12-25T06:00:00+00:00,4.232
2019-12-25T12:00:00+00:00,4.219
2019-12-25T18:00:00+00:00,4.207
2019-12-26T00:00:00+00:00,4.196
2019-12-26T06:00:00+00:00,4.184
2019-12-26T12:00:00+00:00,4.173
2019-12-26T18:00:00+00:00,4.161
2019-12-27T00:00:00+00:00,4.150
2019-12-27T06:00:00+00:00,4.138
2019-12-27T12:00:00+00:00,4.127
2019-12-27T18:00:00+00:00,4.116
2019-12-28T00:00:00+00:00,4.105
2019-12-28T06:00:00+00:00,4.093
2019-12-28T12:00:00+00:00,4.082
2019-12-28T18:00:00+00:00,4.071
2019-12-29T00:00:00+00:00,4.060
2019-12-29T06:00:00+00:00,4.049
2019-12-29T12:00:00+00:00,4.038
2019-12-29T18:00:00+00:00,4.027
2019-12-30T00:00:00+00:00,4.016
2019-12-30T06:00:00+00:00,4.005
2019-12-30T12:00:00+00:00,3.994
2019-12-30T18:00:00+00:00,3.983
2019-12-31T00:00:00+00:00,3.973
2019-12-31T06:00:00+00:00,3.962
2019-12-31T12:00:00+00:00,3.951
2019-12-31T18:00:00+00:00,3.940
2020-01-01T00:00:00+00:00,3.930
2020-01-01T06:00:00+00:00,3.919
2020-01-01T12:00:00+00:00,3.909
2020-01-01T18:00:00+00:00,4.034
2020-01-02T00:00:00+00:00,4.806
2020-01-02T06:00:00+00:00,5.500
2020-01-02T12:00:00+00:00,5.592
2020-01-02T18:00:00+00:00,5.285
2020-01-03T00:00:00+00:00,4.935
2020-01-03T06:00:00+00:00,4.709
2020-01-03T12:00:00+00:00,4.535
2020-01-03T18:00:00+00:00,4.492
2020-01-04T00:00:00+00:00,5.436
2020-01-04T06:00:00+00:00,7.823
2020-01-04T12:00:00+00:00,9.555
2020-01-04T18:00:00+00:00,9.514
2020-01-05T00:00:00+00:00,8.372
2020-01-05T06:00:00+00:00,6.966
2020-01-05T12:00:00+00:00,5.776
2020-01-05T18:00:00+00:00,4.930
2020-01-06T00:00:00+00:00,4.390
2020-01-06T06:00:00+00:00,4.071
2020-01-06T12:00:00+00:00,3.889
2020-01-06T18:00:00+00:00,3.811
2020-01-07T00:00:00+00:00,3.952
2020-01-07T06:00:00+00:00,4.156
2020-01-07T12:00:00+00:00,4.195
2020-01-07T18:00:00+00:00,4.811
2020-01-08T00:00:00+00:00,9.232
2020-01-08T06:00:00+00:00,15.310
2020-01-08T12:00:00+00:00,18.258
2020-01-08T18:00:00+00:00,17.276
2020-01-09T00:00:00+00:00,14.269
2020-01-09T06:00:00+00:00,11.028
2020-01-09T12:00:00+00:00,8.479
2020-01-09T18:00:00+00:00,6.843
2020-01-10T00:00:00+00:00,6.380
2020-01-10T06:00:00+00:00,6.302
2020-01-10T12:00:00+00:00,5.980
2020-01-10T18:00:00+00:00,5.516
2020-01-11T00:00:00+00:00,5.729
2020-01-11T06:00:00+00:00,6.097
2020-01-11T12:00:00+00:00,6.002
2020-01-11T18:00:00+00:00,5.548
2020-01-12T00:00:00+00:00,5.138
2020-01-12T06:00:00+00:00,5.414
2020-01-12T12:00:00+00:00,5.761
2020-01-12T18:00:00+00:00,5.661
2020-01-13T00:00:00+00:00,5.511
2020-01-13T06:00:00+00:00,6.146
2020-01-13T12:00:00+00:00,6.738
2020-01-13T18:00:00+00:00,6.533
2020-01-14T00:00:00+00:00,5.908
2020-01-14T06:00:00+00:00,5.253
2020-01-14T12:00:00+00:00,4.735
2020-01-14T18:00:00+00:00,4.357
2020-01-15T00:00:00+00:00,4.080
2020-01-15T06:00:00+00:00,3.911
2020-01-15T12:00:00+00:00,3.799
2020-01-15T18:00:00+00:00,3.726
2020-01-16T00:00:00+00:00,3.662
2020-01-16T06:00:00+00:00,3.642
2020-01-16T12:00:00+00:00,3.626
2020-01-16T18:00:00+00:00,3.616
2020-01-17T00:00:00+00:00,3.623
2020-01-17T06:00:00+00:00,3.634
2020-01-17T12:00:00+00:00,3.660
2020-01-17T18:00:00+00:00,3.672
2020-01-18T00:00:00+00:00,3.657
2020-01-18T06:00:00+00:00,3.626
2020-01-18T12:00:00+00:00,3.593
2020-01-18T18:00:00+00:00,3.565
2020-01-19T00:00:00+00:00,3.543
2020-01-19T06:00:00+00:00,3.526
2020-01-19T12:00:00+00:00,3.512
2020-01-19T18:00:00+00:00,3.500
2020-01-20T00:00:00+00:00,3.489
2020-01-20T06:00:00+00:00,3.479
2020-01-20T12:00:00+00:00,3.470
2020-01-20T18:00:00+00:00,3.461
2020-01-21T00:00:00+00:00,3.452
2020-01-21T06:00:00+00:00,3.443
2020-01-21T12:00:00+00:00,3.434
2020-01-21T18:00:00+00:00,3.425
2020-01-22T00:00:00+00:00,3.416
2020-01-22T06:00:00+00:00,3.407
2020-01-22T12:00:00+00:00,3.399
2020-01-22T18:00:00+00:00,3.390
2020-01-23T00:00:00+00:00,3.381
2020-01-23T06:00:00+00:00,3.386
2020-01-23T12:00:00+00:00,3.513
2020-01-23T18:00:00+00:00,3.892
2020-01-24T00:00:00+00:00,4.232
2020-01-24T06:00:00+00:00,4.535
2020-01-24T12:00:00+00:00,4.662
2020-01-24T18:00:00+00:00,4.520
2020-01-25T00:00:00+00:00,4.226
2020-01-25T06:00:00+00:00,3.922
2020-01-25T12:00:00+00:00,3.679
2020-01-25T18:00:00+00:00,3.510
2020-01-26T00:00:00+00:00,3.401
2020-01-26T06:00:00+00:00,3.334
2020-01-26T12:00:00+00:00,3.289
2020-01-26T18:00:00+00:00,3.266
2020-01-27T00:00:00+00:00,3.246
2020-01-27T06:00:00+00:00,3.236
2020-01-27T12:00:00+00:00,3.228
2020-01-27T18:00:00+00:00,3.220
2020-01-28T00:00:00+00:00,3.211
2020-01-28T06:00:00+00:00,3.203
2020-01-28T12:00:00+00:00,3.195
2020-01-28T18:00:00+00:00,3.187
2020-01-29T00:00:00+00:00,3.179
2020-01-29T06:00:00+00:00,3.171
2020-01-29T12:00:00+00:00,3.162
2020-01-29T18:00:00+00:00,3.154
2020-01-30T00:00:00+00:00,3.146
2020-01-30T06:00:00+00:00,3.138
2020-01-30T12:00:00+00:00,3.143
2020-01-30T18:00:00+00:00,3.292
2020-01-31T00:00:00+00:00,3.833
2020-01-31T06:00:00+00:00,4.271
2020-01-31T12:00:00+00:00,4.302
2020-01-31T18:00:00+00:00,4.069
2020-02-01T00:00:00+00:00,3.773
2020-02-01T06:00:00+00:00,3.518
2020-02-01T12:00:00+00:00,3.333
2020-02-01T18:00:00+00:00,3.263
2020-02-02T00:00:00+00:00,3.495
2020-02-02T06:00:00+00:00,3.757
2020-02-02T12:00:00+00:00,3.909
2020-02-02T18:00:00+00:00,4.475
2020-02-03T00:00:00+00:00,6.438
2020-02-03T06:00:00+00:00,9.572
2020-02-03T12:00:00+00:00,11.229
2020-02-03T18:00:00+00:00,10.985
2020-02-04T00:00:00+00:00,11.427
2020-02-04T06:00:00+00:00,11.552
2020-02-04T12:00:00+00:00,10.337
2020-02-04T18:00:00+00:00,8.441
2020-02-05T00:00:00+00:00,6.651
2020-02-05T06:00:00+00:00,5.279
2020-02-05T12:00:00+00:00,4.335
2020-02-05T18:00:00+00:00,3.722
2020-02-06T00:00:00+00:00,3.354
2020-02-06T06:00:00+00:00,3.209
2020-02-06T12:00:00+00:00,3.136
2020-02-06T18:00:00+00:00,3.525
2020-02-07T00:00:00+00:00,6.291
2020-02-07T06:00:00+00:00,8.758
2020-02-07T12:00:00+00:00,9.070
2020-02-07T18:00:00+00:00,7.967
2020-02-08T00:00:00+00:00,6.568
2020-02-08T06:00:00+00:00,5.589
2020-02-08T12:00:00+00:00,4.919
2020-02-08T18:00:00+00:00,4.355
2020-02-09T00:00:00+00:00,3.909
2020-02-09T06:00:00+00:00,3.699
2020-02-09T12:00:00+00:00,3.587
2020-02-09T18:00:00+00:00,3.411
2020-02-10T00:00:00+00:00,3.308
2020-02-10T06:00:00+00:00,3.204
2020-02-10T12:00:00+00:00,3.149
2020-02-10T18:00:00+00:00,3.262
2020-02-11T00:00:00+00:00,3.370
2020-02-11T06:00:00+00:00,3.358
2020-02-11T12:00:00+00:00,3.259
2020-02-11T18:00:00+00:00,3.141
2020-02-12T00:00:00+00:00,3.052
2020-02-12T06:00:00+00:00,3.062
2020-02-12T12:00:00+00:00,3.086
2020-02-12T18:00:00+00:00,3.067
2020-02-13T00:00:00+00:00,3.031
2020-02-13T06:00:00+00:00,2.987
2020-02-13T12:00:00+00:00,2.938
2020-02-13T18:00:00+00:00,2.898
2020-02-14T00:00:00+00:00,2.866
2020-02-14T06:00:00+00:00,2.842
2020-02-14T12:00:00+00:00,2.825
2020-02-14T18:00:00+00:00,2.812
2020-02-15T00:00:00+00:00,2.800
2020-02-15T06:00:00+00:00,2.792
2020-02-15T12:00:00+00:00,2.784
2020-02-15T18:00:00+00:00,2.777
2020-02-16T00:00:00+00:00,2.770
2020-02-16T06:00:00+00:00,2.763
2020-02-16T12:00:00+00:00,2.756
2020-02-16T18:00:00+00:00,2.750
2020-02-17T00:00:00+00:00,2.743
2020-02-17T06:00:00+00:00,2.736
2020-02-17T12:00:00+00:00,2.729
2020-02-17T18:00:00+00:00,2.723
2020-02-18T00:00:00+00:00,2.716
2020-02-18T06:00:00+00:00,2.709
2020-02-18T12:00:00+00:00,2.703
2020-02-18T18:00:00+00:00,2.696
2020-02-19T00:00:00+00:00,2.689
2020-02-19T06:00:00+00:00,2.683
2020-02-19T12:00:00+00:00,2.676
2020-02-19T18:00:00+00:00,2.712
2020-02-20T00:00:00+00:00,2.949
2020-02-20T06:00:00+00:00,3.230
2020-02-20T12:00:00+00:00,3.665
2020-02-20T18:00:00+00:00,3.952
2020-02-21T00:00:00+00:00,4.098
2020-02-21T06:00:00+00:00,4.499
2020-02-21T12:00:00+00:00,4.710
2020-02-21T18:00:00+00:00,4.477
2020-02-22T00:00:00+00:00,4.012
2020-02-22T06:00:00+00:00,3.565
2020-02-22T12:00:00+00:00,3.323
2020-02-22T18:00:00+00:00,3.249
2020-02-23T00:00:00+00:00,3.553
2020-02-23T06:00:00+00:00,4.020
2020-02-23T12:00:00+00:00,4.184
2020-02-23T18:00:00+00:00,3.968
2020-02-24T00:00:00+00:00,3.586
2020-02-24T06:00:00+00:00,3.232
2020-02-24T12:00:00+00:00,2.961
2020-02-24T18:00:00+00:00,2.778
2020-02-25T00:00:00+00:00,2.665
2020-02-25T06:00:00+00:00,2.596
2020-02-25T12:00:00+00:00,2.558
2020-02-25T18:00:00+00:00,2.557
2020-02-26T00:00:00+00:00,2.845
2020-02-26T06:00:00+00:00,4.085
2020-02-26T12:00:00+00:00,6.599
2020-02-26T18:00:00+00:00,8.452
2020-02-27T00:00:00+00:00,9.182
2020-02-27T06:00:00+00:00,8.748
2020-02-27T12:00:00+00:00,7.455
2020-02-27T18:00:00+00:00,5.959
2020-02-28T00:00:00+00:00,4.691
2020-02-28T06:00:00+00:00,3.782
2020-02-28T12:00:00+00:00,3.198
2020-02-28T18:00:00+00:00,2.846
2020-02-29T00:00:00+00:00,2.635
2020-02-29T06:00:00+00:00,2.502
2020-02-29T12:00:00+00:00,2.461
2020-02-29T18:00:00+00:00,2.425
2020-03-01T00:00:00+00:00,2.418
2020-03-01T06:00:00+00:00,2.412
2020-03-01T12:00:00+00:00,2.406
2020-03-01T18:00:00+00:00,2.401
2020-03-02T00:00:00+00:00,2.395
2020-03-02T06:00:00+00:00,2.389
2020-03-02T12:00:00+00:00,2.384
2020-03-02T18:00:00+00:00,2.378
2020-03-03T00:00:00+00:00,2.372
2020-03-03T06:00:00+00:00,2.367
2020-03-03T12:00:00+00:00,2.361
2020-03-03T18:00:00+00:00,2.355
2020-03-04T00:00:00+00:00,2.372
2020-03-04T06:00:00+00:00,2.496
2020-03-04T12:00:00+00:00,2.611
2020-03-04T18:00:00+00:00,2.627
2020-03-05T00:00:00+00:00,2.573
2020-03-05T06:00:00+00:00,2.503
2020-03-05T12:00:00+00:00,2.442
2020-03-05T18:00:00+00:00,2.392
2020-03-06T00:00:00+00:00,2.355
2020-03-06T06:00:00+00:00,2.329
2020-03-06T12:00:00+00:00,2.311
2020-03-06T18:00:00+00:00,2.298
2020-03-07T00:00:00+00:00,2.286
2020-03-07T06:00:00+00:00,2.280
2020-03-07T12:00:00+00:00,2.274
2020-03-07T18:00:00+00:00,2.268
2020-03-08T00:00:00+00:00,2.263
2020-03-08T06:00:00+00:00,2.257
2020-03-08T12:00:00+00:00,2.394
2020-03-08T18:00:00+00:00,3.201
2020-03-09T00:00:00+00:00,3.924
2020-03-09T06:00:00+00:00,4.021
2020-03-09T12:00:00+00:00,3.695
2020-03-09T18:00:00+00:00,3.255
2020-03-10T00:00:00+00:00,2.874
2020-03-10T06:00:00+00:00,2.601
2020-03-10T12:00:00+00:00,2.425
2020-03-10T18:00:00+00:00,2.320
2020-03-11T00:00:00+00:00,2.260
2020-03-11T06:00:00+00:00,2.225
2020-03-11T12:00:00+00:00,2.190
2020-03-11T18:00:00+00:00,2.185
2020-03-12T00:00:00+00:00,2.179
2020-03-12T06:00:00+00:00,2.174
2020-03-12T12:00:00+00:00,2.169
2020-03-12T18:00:00+00:00,2.164
2020-03-13T00:00:00+00:00,2.159
2020-03-13T06:00:00+00:00,2.154
2020-03-13T12:00:00+00:00,2.149
2020-03-13T18:00:00+00:00,2.144
2020-03-14T00:00:00+00:00,2.139
2020-03-14T06:00:00+00:00,2.134
2020-03-14T12:00:00+00:00,2.129
2020-03-14T18:00:00+00:00,2.124
2020-03-15T00:00:00+00:00,2.119
2020-03-15T06:00:00+00:00,2.115
2020-03-15T12:00:00+00:00,2.110
2020-03-15T18:00:00+00:00,2.105
2020-03-16T00:00:00+00:00,2.113
2020-03-16T06:00:00+00:00,2.184
2020-03-16T12:00:00+00:00,2.259
2020-03-16T18:00:00+00:00,2.276
2020-03-17T00:00:00+00:00,2.341
2020-03-17T06:00:00+00:00,2.901
2020-03-17T12:00:00+00:00,3.649
2020-03-17T18:00:00+00:00,3.946
2020-03-18T00:00:00+00:00,3.736
2020-03-18T06:00:00+00:00,3.304
2020-03-18T12:00:00+00:00,2.998
2020-03-18T18:00:00+00:00,3.394
2020-03-19T00:00:00+00:00,4.022
2020-03-19T06:00:00+00:00,4.430
2020-03-19T12:00:00+00:00,4.620
2020-03-19T18:00:00+00:00,4.625
2020-03-20T00:00:00+00:00,6.462
2020-03-20T06:00:00+00:00,14.050
2020-03-20T12:00:00+00:00,20.391
2020-03-20T18:00:00+00:00,21.089
2020-03-21T00:00:00+00:00,18.804
2020-03-21T06:00:00+00:00,15.487
2020-03-21T12:00:00+00:00,11.838
2020-03-21T18:00:00+00:00,8.637
2020-03-22T00:00:00+00:00,6.226
2020-03-22T06:00:00+00:00,4.601
2020-03-22T12:00:00+00:00,3.599
2020-03-22T18:00:00+00:00,2.994
2020-03-23T00:00:00+00:00,2.554
2020-03-23T06:00:00+00:00,2.438
2020-03-23T12:00:00+00:00,2.382
2020-03-23T18:00:00+00:00,2.330
2020-03-24T00:00:00+00:00,2.320
2020-03-24T06:00:00+00:00,2.315
2020-03-24T12:00:00+00:00,2.309
2020-03-24T18:00:00+00:00,2.303
2020-03-25T00:00:00+00:00,2.298
2020-03-25T06:00:00+00:00,2.292
2020-03-25T12:00:00+00:00,2.287
2020-03-25T18:00:00+00:00,2.281
2020-03-26T00:00:00+00:00,2.276
2020-03-26T06:00:00+00:00,2.270
2020-03-26T12:00:00+00:00,2.265
2020-03-26T18:00:00+00:00,2.259
2020-03-27T00:00:00+00:00,2.254
2020-03-27T06:00:00+00:00,2.248
2020-03-27T12:00:00+00:00,2.243
2020-03-27T18:00:00+00:00,2.237
2020-03-28T00:00:00+00:00,2.232
2020-03-28T06:00:00+00:00,2.227
2020-03-28T12:00:00+00:00,2.221
2020-03-28T18:00:00+00:00,2.216
2020-03-29T00:00:00+00:00,2.211
2020-03-29T06:00:00+00:00,2.205
2020-03-29T12:00:00+00:00,2.506
2020-03-29T18:00:00+00:00,4.283
2020-03-30T00:00:00+00:00,6.016
2020-03-30T06:00:00+00:00,6.379
2020-03-30T12:00:00+00:00,5.701
2020-03-30T18:00:00+00:00,4.693
2020-03-31T00:00:00+00:00,3.787
2020-03-31T06:00:00+00:00,3.128
2020-03-31T12:00:00+00:00,2.701
2020-03-31T18:00:00+00:00,2.446
2020-04-01T00:00:00+00:00,2.300
2020-04-01T06:00:00+00:00,2.220
2020-04-01T12:00:00+00:00,2.145
2020-04-01T18:00:00+00:00,2.133
2020-04-02T00:00:00+00:00,2.128
2020-04-02T06:00:00+00:00,2.123
2020-04-02T12:00:00+00:00,2.118
2020-04-02T18:00:00+00:00,2.113
2020-04-03T00:00:00+00:00,2.108
2020-04-03T06:00:00+00:00,2.103
2020-04-03T12:00:00+00:00,2.098
2020-04-03T18:00:00+00:00,2.093
2020-04-04T00:00:00+00:00,2.088
2020-04-04T06:00:00+00:00,2.083
2020-04-04T12:00:00+00:00,2.078
2020-04-04T18:00:00+00:00,2.073
2020-04-05T00:00:00+00:00,2.068
2020-04-05T06:00:00+00:00,2.063
2020-04-05T12:00:00+00:00,2.059
2020-04-05T18:00:00+00:00,2.054
2020-04-06T00:00:00+00:00,2.049
2020-04-06T06:00:00+00:00,2.044
2020-04-06T12:00:00+00:00,2.039
2020-04-06T18:00:00+00:00,2.034
2020-04-07T00:00:00+00:00,2.352
2020-04-07T06:00:00+00:00,4.202
2020-04-07T12:00:00+00:00,5.871
2020-04-07T18:00:00+00:00,6.113
2020-04-08T00:00:00+00:00,5.379
2020-04-08T06:00:00+00:00,4.378
2020-04-08T12:00:00+00:00,3.509
2020-04-08T18:00:00+00:00,2.887
2020-04-09T00:00:00+00:00,2.489
2020-04-09T06:00:00+00:00,2.254
2020-04-09T12:00:00+00:00,2.121
2020-04-09T18:00:00+00:00,2.047
2020-04-10T00:00:00+00:00,1.974
2020-04-10T06:00:00+00:00,1.969
2020-04-10T12:00:00+00:00,1.964
2020-04-10T18:00:00+00:00,1.960
2020-04-11T00:00:00+00:00,1.955
2020-04-11T06:00:00+00:00,1.950
2020-04-11T12:00:00+00:00,1.946
2020-04-11T18:00:00+00:00,1.941
2020-04-12T00:00:00+00:00,1.937
2020-04-12T06:00:00+00:00,1.932
2020-04-12T12:00:00+00:00,1.928
2020-04-12T18:00:00+00:00,1.923
2020-04-13T00:00:00+00:00,1.919
2020-04-13T06:00:00+00:00,1.914
2020-04-13T12:00:00+00:00,1.910
2020-04-13T18:00:00+00:00,1.906
2020-04-14T00:00:00+00:00,1.906
2020-04-14T06:00:00+00:00,1.954
2020-04-14T12:00:00+00:00,2.538
2020-04-14T18:00:00+00:00,4.540
2020-04-15T00:00:00+00:00,6.130
2020-04-15T06:00:00+00:00,6.220
2020-04-15T12:00:00+00:00,5.368
2020-04-15T18:00:00+00:00,4.299
2020-04-16T00:00:00+00:00,3.400
2020-04-16T06:00:00+00:00,2.768
2020-04-16T12:00:00+00:00,2.366
2020-04-16T18:00:00+00:00,2.127
2020-04-17T00:00:00+00:00,1.992
2020-04-17T06:00:00+00:00,1.912
2020-04-17T12:00:00+00:00,1.843
2020-04-17T18:00:00+00:00,1.838
2020-04-18T00:00:00+00:00,1.833
2020-04-18T06:00:00+00:00,1.828
2020-04-18T12:00:00+00:00,1.824
2020-04-18T18:00:00+00:00,1.820
2020-04-19T00:00:00+00:00,1.816
2020-04-19T06:00:00+00:00,1.811
2020-04-19T12:00:00+00:00,1.807
2020-04-19T18:00:00+00:00,1.803
2020-04-20T00:00:00+00:00,1.799
2020-04-20T06:00:00+00:00,1.795
2020-04-20T12:00:00+00:00,1.791
2020-04-20T18:00:00+00:00,1.787
2020-04-21T00:00:00+00:00,1.783
2020-04-21T06:00:00+00:00,1.779
2020-04-21T12:00:00+00:00,1.774
2020-04-21T18:00:00+00:00,1.770
2020-04-22T00:00:00+00:00,1.766
2020-04-22T06:00:00+00:00,1.762
2020-04-22T12:00:00+00:00,1.758
2020-04-22T18:00:00+00:00,1.754
2020-04-23T00:00:00+00:00,1.750
2020-04-23T06:00:00+00:00,1.746
2020-04-23T12:00:00+00:00,1.742
2020-04-23T18:00:00+00:00,1.738
2020-04-24T00:00:00+00:00,1.735
2020-04-24T06:00:00+00:00,1.731
2020-04-24T12:00:00+00:00,1.727
2020-04-24T18:00:00+00:00,1.723
2020-04-25T00:00:00+00:00,1.724
2020-04-25T06:00:00+00:00,1.724
2020-04-25T12:00:00+00:00,1.720
2020-04-25T18:00:00+00:00,1.715
2020-04-26T00:00:00+00:00,1.709
2020-04-26T06:00:00+00:00,1.703
2020-04-26T12:00:00+00:00,1.698
2020-04-26T18:00:00+00:00,1.693
2020-04-27T00:00:00+00:00,1.689
2020-04-27T06:00:00+00:00,1.685
2020-04-27T12:00:00+00:00,1.681
2020-04-27T18:00:00+00:00,1.677
2020-04-28T00:00:00+00:00,1.673
2020-04-28T06:00:00+00:00,1.669
2020-04-28T12:00:00+00:00,1.665
2020-04-28T18:00:00+00:00,1.662
2020-04-29T00:00:00+00:00,1.658
2020-04-29T06:00:00+00:00,1.654
2020-04-29T12:00:00+00:00,1.650
2020-04-29T18:00:00+00:00,1.647
2020-04-30T00:00:00+00:00,1.643
2020-04-30T06:00:00+00:00,1.639
2020-04-30T12:00:00+00:00,1.636
2020-04-30T18:00:00+00:00,1.632
2020-05-01T00:00:00+00:00,1.628
2020-05-01T06:00:00+00:00,1.625
2020-05-01T12:00:00+00:00,1.621
2020-05-01T18:00:00+00:00,1.617
2020-05-02T00:00:00+00:00,1.615
2020-05-02T06:00:00+00:00,1.619
2020-05-02T12:00:00+00:00,1.621
2020-05-02T18:00:00+00:00,1.618
2020-05-03T00:00:00+00:00,1.612
2020-05-03T06:00:00+00:00,1.605
2020-05-03T12:00:00+00:00,1.598
2020-05-03T18:00:00+00:00,1.592
2020-05-04T00:00:00+00:00,1.587
2020-05-04T06:00:00+00:00,1.583
2020-05-04T12:00:00+00:00,1.579
2020-05-04T18:00:00+00:00,1.575
2020-05-05T00:00:00+00:00,1.571
2020-05-05T06:00:00+00:00,1.568
2020-05-05T12:00:00+00:00,1.564
2020-05-05T18:00:00+00:00,1.561
2020-05-06T00:00:00+00:00,1.562
2020-05-06T06:00:00+00:00,1.563
2020-05-06T12:00:00+00:00,1.560
2020-05-06T18:00:00+00:00,1.554
2020-05-07T00:00:00+00:00,1.549
2020-05-07T06:00:00+00:00,1.543
2020-05-07T12:00:00+00:00,1.539
2020-05-07T18:00:00+00:00,1.534
2020-05-08T00:00:00+00:00,1.530
2020-05-08T06:00:00+00:00,1.527
2020-05-08T12:00:00+00:00,1.523
2020-05-08T18:00:00+00:00,1.520
2020-05-09T00:00:00+00:00,1.516
2020-05-09T06:00:00+00:00,1.513
2020-05-09T12:00:00+00:00,1.510
2020-05-09T18:00:00+00:00,1.506
2020-05-10T00:00:00+00:00,1.503
2020-05-10T06:00:00+00:00,1.500
2020-05-10T12:00:00+00:00,1.496
2020-05-10T18:00:00+00:00,1.493
2020-05-11T00:00:00+00:00,1.490
2020-05-11T06:00:00+00:00,1.487
2020-05-11T12:00:00+00:00,1.483
2020-05-11T18:00:00+00:00,1.480
2020-05-12T00:00:00+00:00,1.477
2020-05-12T06:00:00+00:00,1.473
2020-05-12T12:00:00+00:00,1.470
2020-05-12T18:00:00+00:00,1.467
2020-05-13T00:00:00+00:00,1.464
2020-05-13T06:00:00+00:00,1.461
2020-05-13T12:00:00+00:00,1.468
2020-05-13T18:00:00+00:00,1.545
2020-05-14T00:00:00+00:00,2.254
2020-05-14T06:00:00+00:00,5.565
2020-05-14T12:00:00+00:00,8.610
2020-05-14T18:00:00+00:00,9.179
2020-05-15T00:00:00+00:00,7.943
2020-05-15T06:00:00+00:00,6.122
2020-05-15T12:00:00+00:00,4.471
2020-05-15T18:00:00+00:00,3.255
2020-05-16T00:00:00+00:00,2.462
2020-05-16T06:00:00+00:00,1.985
2020-05-16T12:00:00+00:00,1.713
2020-05-16T18:00:00+00:00,1.564
2020-05-17T00:00:00+00:00,1.430
2020-05-17T06:00:00+00:00,1.414
2020-05-17T12:00:00+00:00,1.408
2020-05-17T18:00:00+00:00,1.405
2020-05-18T00:00:00+00:00,1.406
2020-05-18T06:00:00+00:00,1.407
2020-05-18T12:00:00+00:00,1.404
2020-05-18T18:00:00+00:00,1.400
2020-05-19T00:00:00+00:00,1.394
2020-05-19T06:00:00+00:00,1.389
2020-05-19T12:00:00+00:00,1.385
2020-05-19T18:00:00+00:00,1.382
2020-05-20T00:00:00+00:00,1.383
2020-05-20T06:00:00+00:00,1.383
2020-05-20T12:00:00+00:00,1.380
2020-05-20T18:00:00+00:00,1.376
2020-05-21T00:00:00+00:00,1.370
2020-05-21T06:00:00+00:00,1.365
2020-05-21T12:00:00+00:00,1.361
2020-05-21T18:00:00+00:00,1.357
2020-05-22T00:00:00+00:00,1.354
2020-05-22T06:00:00+00:00,1.351
2020-05-22T12:00:00+00:00,1.348
2020-05-22T18:00:00+00:00,1.413
2020-05-23T00:00:00+00:00,3.239
2020-05-23T06:00:00+00:00,11.756
2020-05-23T12:00:00+00:00,19.219
2020-05-23T18:00:00+00:00,20.357
2020-05-24T00:00:00+00:00,17.107
2020-05-24T06:00:00+00:00,12.595
2020-05-24T12:00:00+00:00,8.638
2020-05-24T18:00:00+00:00,5.792
2020-05-25T00:00:00+00:00,3.971
2020-05-25T06:00:00+00:00,2.894
2020-05-25T12:00:00+00:00,2.290
2020-05-25T18:00:00+00:00,1.959
2020-05-26T00:00:00+00:00,1.653
2020-05-26T06:00:00+00:00,1.634
2020-05-26T12:00:00+00:00,1.628
2020-05-26T18:00:00+00:00,1.625
2020-05-27T00:00:00+00:00,1.626
2020-05-27T06:00:00+00:00,1.626
2020-05-27T12:00:00+00:00,1.622
2020-05-27T18:00:00+00:00,1.618
2020-05-28T00:00:00+00:00,1.616
2020-05-28T06:00:00+00:00,1.614
2020-05-28T12:00:00+00:00,1.609
2020-05-28T18:00:00+00:00,1.603
2020-05-29T00:00:00+00:00,1.596
2020-05-29T06:00:00+00:00,1.590
2020-05-29T12:00:00+00:00,1.585
2020-05-29T18:00:00+00:00,1.580
2020-05-30T00:00:00+00:00,1.576
2020-05-30T06:00:00+00:00,1.572
2020-05-30T12:00:00+00:00,1.568
2020-05-30T18:00:00+00:00,1.565
2020-05-31T00:00:00+00:00,1.561
2020-05-31T06:00:00+00:00,1.557
2020-05-31T12:00:00+00:00,1.554
2020-05-31T18:00:00+00:00,1.550
2020-06-01T00:00:00+00:00,1.546
2020-06-01T06:00:00+00:00,1.543
2020-06-01T12:00:00+00:00,1.539
2020-06-01T18:00:00+00:00,1.536
2020-06-02T00:00:00+00:00,1.560
2020-06-02T06:00:00+00:00,2.106
2020-06-02T12:00:00+00:00,4.617
2020-06-02T18:00:00+00:00,7.510
2020-06-03T00:00:00+00:00,8.970
2020-06-03T06:00:00+00:00,9.040
2020-06-03T12:00:00+00:00,8.107
2020-06-03T18:00:00+00:00,6.715
2020-06-04T00:00:00+00:00,5.345
2020-06-04T06:00:00+00:00,4.168
2020-06-04T12:00:00+00:00,3.479
2020-06-04T18:00:00+00:00,4.195
2020-06-05T00:00:00+00:00,5.130
2020-06-05T06:00:00+00:00,5.196
2020-06-05T12:00:00+00:00,4.876
2020-06-05T18:00:00+00:00,4.436
2020-06-06T00:00:00+00:00,3.946
2020-06-06T06:00:00+00:00,3.500
2020-06-06T12:00:00+00:00,3.413
2020-06-06T18:00:00+00:00,3.703
2020-06-07T00:00:00+00:00,3.853
2020-06-07T06:00:00+00:00,3.619
2020-06-07T12:00:00+00:00,3.141
2020-06-07T18:00:00+00:00,2.682
2020-06-08T00:00:00+00:00,2.317
2020-06-08T06:00:00+00:00,2.058
2020-06-08T12:00:00+00:00,1.900
2020-06-08T18:00:00+00:00,1.805
2020-06-09T00:00:00+00:00,1.754
2020-06-09T06:00:00+00:00,1.718
2020-06-09T12:00:00+00:00,1.697
2020-06-09T18:00:00+00:00,1.690
2020-06-10T00:00:00+00:00,1.686
2020-06-10T06:00:00+00:00,1.682
2020-06-10T12:00:00+00:00,1.678
2020-06-10T18:00:00+00:00,1.674
2020-06-11T00:00:00+00:00,1.670
2020-06-11T06:00:00+00:00,1.666
2020-06-11T12:00:00+00:00,1.662
2020-06-11T18:00:00+00:00,1.658
2020-06-12T00:00:00+00:00,1.654
2020-06-12T06:00:00+00:00,1.650
2020-06-12T12:00:00+00:00,1.646
2020-06-12T18:00:00+00:00,1.642
2020-06-13T00:00:00+00:00,1.638
2020-06-13T06:00:00+00:00,1.634
2020-06-13T12:00:00+00:00,1.630
2020-06-13T18:00:00+00:00,1.626
2020-06-14T00:00:00+00:00,1.622
2020-06-14T06:00:00+00:00,1.618
2020-06-14T12:00:00+00:00,1.614
2020-06-14T18:00:00+00:00,1.610
2020-06-15T00:00:00+00:00,1.607
2020-06-15T06:00:00+00:00,1.603
2020-06-15T12:00:00+00:00,1.599
2020-06-15T18:00:00+00:00,1.595
2020-06-16T00:00:00+00:00,1.591
2020-06-16T06:00:00+00:00,1.587
2020-06-16T12:00:00+00:00,1.584
2020-06-16T18:00:00+00:00,1.580
2020-06-17T00:00:00+00:00,1.576
2020-06-17T06:00:00+00:00,1.572
2020-06-17T12:00:00+00:00,1.569
2020-06-17T18:00:00+00:00,1.565
2020-06-18T00:00:00+00:00,1.561
2020-06-18T06:00:00+00:00,1.557
2020-06-18T12:00:00+00:00,1.554
2020-06-18T18:00:00+00:00,1.550
2020-06-19T00:00:00+00:00,1.546
2020-06-19T06:00:00+00:00,1.543
2020-06-19T12:00:00+00:00,1.539
2020-06-19T18:00:00+00:00,1.535
2020-06-20T00:00:00+00:00,1.532
2020-06-20T06:00:00+00:00,1.528
2020-06-20T12:00:00+00:00,1.525
2020-06-20T18:00:00+00:00,1.521
2020-06-21T00:00:00+00:00,1.517
2020-06-21T06:00:00+00:00,1.514
2020-06-21T12:00:00+00:00,1.510
2020-06-21T18:00:00+00:00,1.507
2020-06-22T00:00:00+00:00,1.503
2020-06-22T06:00:00+00:00,1.500
2020-06-22T12:00:00+00:00,1.496
2020-06-22T18:00:00+00:00,1.493
2020-06-23T00:00:00+00:00,1.489
2020-06-23T06:00:00+00:00,1.485
2020-06-23T12:00:00+00:00,1.482
2020-06-23T18:00:00+00:00,1.479
2020-06-24T00:00:00+00:00,1.475
2020-06-24T06:00:00+00:00,1.472
2020-06-24T12:00:00+00:00,1.468
2020-06-24T18:00:00+00:00,1.465
2020-06-25T00:00:00+00:00,1.461
2020-06-25T06:00:00+00:00,1.458
2020-06-25T12:00:00+00:00,1.454
2020-06-25T18:00:00+00:00,1.451
2020-06-26T00:00:00+00:00,1.684
2020-06-26T06:00:00+00:00,3.062
2020-06-26T12:00:00+00:00,4.413
2020-06-26T18:00:00+00:00,4.711
2020-06-27T00:00:00+00:00,6.119
2020-06-27T06:00:00+00:00,18.555
2020-06-27T12:00:00+00:00,41.691
2020-06-27T18:00:00+00:00,57.394
2020-06-28T00:00:00+00:00,57.632
2020-06-28T06:00:00+00:00,47.681
2020-06-28T12:00:00+00:00,35.107
2020-06-28T18:00:00+00:00,24.170
2020-06-29T00:00:00+00:00,16.232
2020-06-29T06:00:00+00:00,11.130
2020-06-29T12:00:00+00:00,8.079
2020-06-29T18:00:00+00:00,6.349
2020-06-30T00:00:00+00:00,5.217
2020-06-30T06:00:00+00:00,4.594
2020-06-30T12:00:00+00:00,4.437
2020-06-30T18:00:00+00:00,4.407
2020-07-01T00:00:00+00:00,4.716
2020-07-01T06:00:00+00:00,6.864
2020-07-01T12:00:00+00:00,9.251
2020-07-01T18:00:00+00:00,10.056
2020-07-02T00:00:00+00:00,9.358
2020-07-02T06:00:00+00:00,8.109
2020-07-02T12:00:00+00:00,6.921
2020-07-02T18:00:00+00:00,6.027
2020-07-03T00:00:00+00:00,5.435
2020-07-03T06:00:00+00:00,5.073
2020-07-03T12:00:00+00:00,4.862
2020-07-03T18:00:00+00:00,4.742
2020-07-04T00:00:00+00:00,4.639
2020-07-04T06:00:00+00:00,4.605
2020-07-04T12:00:00+00:00,4.591
2020-07-04T18:00:00+00:00,4.578
2020-07-05T00:00:00+00:00,4.565
2020-07-05T06:00:00+00:00,4.552
2020-07-05T12:00:00+00:00,4.539
2020-07-05T18:00:00+00:00,4.526
2020-07-06T00:00:00+00:00,4.513
2020-07-06T06:00:00+00:00,4.500
2020-07-06T12:00:00+00:00,4.487
2020-07-06T18:00:00+00:00,4.474
2020-07-07T00:00:00+00:00,4.464
2020-07-07T06:00:00+00:00,4.468
2020-07-07T12:00:00+00:00,4.477
2020-07-07T18:00:00+00:00,4.494
2020-07-08T00:00:00+00:00,4.497
2020-07-08T06:00:00+00:00,4.478
2020-07-08T12:00:00+00:00,4.446
2020-07-08T18:00:00+00:00,4.427
2020-07-09T00:00:00+00:00,4.478
2020-07-09T06:00:00+00:00,4.539
2020-07-09T12:00:00+00:00,4.543
2020-07-09T18:00:00+00:00,4.500
2020-07-10T00:00:00+00:00,4.445
2020-07-10T06:00:00+00:00,4.395
2020-07-10T12:00:00+00:00,4.350
2020-07-10T18:00:00+00:00,4.314
2020-07-11T00:00:00+00:00,4.286
2020-07-11T06:00:00+00:00,4.264
2020-07-11T12:00:00+00:00,4.245
2020-07-11T18:00:00+00:00,4.229
2020-07-12T00:00:00+00:00,4.215
2020-07-12T06:00:00+00:00,4.203
2020-07-12T12:00:00+00:00,4.191
2020-07-12T18:00:00+00:00,4.179
2020-07-13T00:00:00+00:00,4.167
2020-07-13T06:00:00+00:00,4.155
2020-07-13T12:00:00+00:00,4.144
2020-07-13T18:00:00+00:00,4.132
2020-07-14T00:00:00+00:00,4.124
2020-07-14T06:00:00+00:00,4.163
2020-07-14T12:00:00+00:00,4.330
2020-07-14T18:00:00+00:00,4.461
2020-07-15T00:00:00+00:00,4.459
2020-07-15T06:00:00+00:00,4.373
2020-07-15T12:00:00+00:00,4.267
2020-07-15T18:00:00+00:00,4.176
2020-07-16T00:00:00+00:00,4.109
2020-07-16T06:00:00+00:00,4.062
2020-07-16T12:00:00+00:00,4.030
2020-07-16T18:00:00+00:00,4.008
2020-07-17T00:00:00+00:00,3.990
2020-07-17T06:00:00+00:00,3.973
2020-07-17T12:00:00+00:00,3.962
2020-07-17T18:00:00+00:00,3.951
2020-07-18T00:00:00+00:00,3.940
2020-07-18T06:00:00+00:00,3.929
2020-07-18T12:00:00+00:00,3.919
2020-07-18T18:00:00+00:00,3.913
2020-07-19T00:00:00+00:00,3.932
2020-07-19T06:00:00+00:00,3.948
2020-07-19T12:00:00+00:00,3.941
2020-07-19T18:00:00+00:00,3.918
2020-07-20T00:00:00+00:00,3.892
2020-07-20T06:00:00+00:00,3.867
2020-07-20T12:00:00+00:00,3.847
2020-07-20T18:00:00+00:00,3.830
2020-07-21T00:00:00+00:00,3.816
2020-07-21T06:00:00+00:00,3.804
2020-07-21T12:00:00+00:00,3.792
2020-07-21T18:00:00+00:00,3.781
2020-07-22T00:00:00+00:00,3.770
2020-07-22T06:00:00+00:00,3.760
2020-07-22T12:00:00+00:00,3.750
2020-07-22T18:00:00+00:00,3.739
2020-07-23T00:00:00+00:00,3.729
2020-07-23T06:00:00+00:00,3.719
2020-07-23T12:00:00+00:00,3.709
2020-07-23T18:00:00+00:00,3.699
2020-07-24T00:00:00+00:00,3.689
2020-07-24T06:00:00+00:00,3.679
2020-07-24T12:00:00+00:00,3.669
2020-07-24T18:00:00+00:00,3.659
2020-07-25T00:00:00+00:00,3.649
2020-07-25T06:00:00+00:00,3.639
2020-07-25T12:00:00+00:00,3.629
2020-07-25T18:00:00+00:00,3.619
2020-07-26T00:00:00+00:00,3.609
2020-07-26T06:00:00+00:00,3.599
2020-07-26T12:00:00+00:00,3.590
2020-07-26T18:00:00+00:00,3.580
2020-07-27T00:00:00+00:00,3.577
2020-07-27T06:00:00+00:00,3.604
2020-07-27T12:00:00+00:00,3.627
2020-07-27T18:00:00+00:00,3.622
2020-07-28T00:00:00+00:00,3.598
2020-07-28T06:00:00+00:00,3.569
2020-07-28T12:00:00+00:00,3.542
2020-07-28T18:00:00+00:00,3.521
2020-07-29T00:00:00+00:00,3.504
2020-07-29T06:00:00+00:00,3.506
2020-07-29T12:00:00+00:00,3.587
2020-07-29T18:00:00+00:00,3.786
2020-07-30T00:00:00+00:00,4.539
2020-07-30T06:00:00+00:00,5.255
2020-07-30T12:00:00+00:00,5.384
2020-07-30T18:00:00+00:00,5.060
2020-07-31T00:00:00+00:00,4.595
2020-07-31T06:00:00+00:00,4.177
2020-07-31T12:00:00+00:00,3.866
2020-07-31T18:00:00+00:00,3.658
2020-08-01T00:00:00+00:00,3.529
2020-08-01T06:00:00+00:00,3.450
2020-08-01T12:00:00+00:00,3.404
2020-08-01T18:00:00+00:00,3.363
2020-08-02T00:00:00+00:00,3.349
2020-08-02T06:00:00+00:00,3.339
2020-08-02T12:00:00+00:00,3.330
2020-08-02T18:00:00+00:00,3.321
2020-08-03T00:00:00+00:00,3.312
2020-08-03T06:00:00+00:00,3.304
2020-08-03T12:00:00+00:00,3.295
2020-08-03T18:00:00+00:00,3.286
2020-08-04T00:00:00+00:00,3.278
2020-08-04T06:00:00+00:00,3.269
2020-08-04T12:00:00+00:00,3.260
2020-08-04T18:00:00+00:00,3.252
2020-08-05T00:00:00+00:00,3.243
2020-08-05T06:00:00+00:00,3.235
2020-08-05T12:00:00+00:00,3.226
2020-08-05T18:00:00+00:00,3.218
2020-08-06T00:00:00+00:00,3.209
2020-08-06T06:00:00+00:00,3.201
2020-08-06T12:00:00+00:00,3.192
2020-08-06T18:00:00+00:00,3.184
2020-08-07T00:00:00+00:00,3.176
2020-08-07T06:00:00+00:00,3.167
2020-08-07T12:00:00+00:00,3.159
2020-08-07T18:00:00+00:00,3.151
2020-08-08T00:00:00+00:00,3.142
2020-08-08T06:00:00+00:00,3.134
2020-08-08T12:00:00+00:00,3.126
2020-08-08T18:00:00+00:00,3.118
2020-08-09T00:00:00+00:00,3.110
2020-08-09T06:00:00+00:00,3.102
2020-08-09T12:00:00+00:00,3.094
2020-08-09T18:00:00+00:00,3.086
2020-08-10T00:00:00+00:00,3.078
2020-08-10T06:00:00+00:00,3.070
2020-08-10T12:00:00+00:00,3.062
2020-08-10T18:00:00+00:00,3.054
2020-08-11T00:00:00+00:00,3.046
2020-08-11T06:00:00+00:00,3.038
2020-08-11T12:00:00+00:00,3.030
2020-08-11T18:00:00+00:00,3.022
2020-08-12T00:00:00+00:00,3.014
2020-08-12T06:00:00+00:00,3.007
2020-08-12T12:00:00+00:00,2.999
2020-08-12T18:00:00+00:00,2.991
2020-08-13T00:00:00+00:00,2.983
2020-08-13T06:00:00+00:00,2.976
2020-08-13T12:00:00+00:00,3.135
2020-08-13T18:00:00+00:00,4.265
2020-08-14T00:00:00+00:00,6.155
2020-08-14T06:00:00+00:00,7.320
2020-08-14T12:00:00+00:00,7.794
2020-08-14T18:00:00+00:00,7.525
2020-08-15T00:00:00+00:00,6.618
2020-08-15T06:00:00+00:00,5.529
2020-08-15T12:00:00+00:00,4.809
2020-08-15T18:00:00+00:00,5.436
2020-08-16T00:00:00+00:00,6.335
2020-08-16T06:00:00+00:00,7.006
2020-08-16T12:00:00+00:00,9.940
2020-08-16T18:00:00+00:00,12.834
2020-08-17T00:00:00+00:00,13.294
2020-08-17T06:00:00+00:00,12.027
2020-08-17T12:00:00+00:00,10.744
2020-08-17T18:00:00+00:00,11.435
2020-08-18T00:00:00+00:00,13.987
2020-08-18T06:00:00+00:00,15.411
2020-08-18T12:00:00+00:00,15.084
2020-08-18T18:00:00+00:00,14.106
2020-08-19T00:00:00+00:00,13.421
2020-08-19T06:00:00+00:00,15.424
2020-08-19T12:00:00+00:00,17.817
2020-08-19T18:00:00+00:00,21.707
2020-08-20T00:00:00+00:00,24.272
2020-08-20T06:00:00+00:00,23.297
2020-08-20T12:00:00+00:00,20.808
2020-08-20T18:00:00+00:00,19.981
2020-08-21T00:00:00+00:00,20.525
2020-08-21T06:00:00+00:00,20.732
2020-08-21T12:00:00+00:00,19.319
2020-08-21T18:00:00+00:00,16.431
2020-08-22T00:00:00+00:00,13.258
2020-08-22T06:00:00+00:00,10.721
2020-08-22T12:00:00+00:00,8.852
2020-08-22T18:00:00+00:00,7.710
2020-08-23T00:00:00+00:00,7.037
2020-08-23T06:00:00+00:00,6.626
2020-08-23T12:00:00+00:00,6.372
2020-08-23T18:00:00+00:00,6.237
2020-08-24T00:00:00+00:00,6.169
2020-08-24T06:00:00+00:00,6.145
2020-08-24T12:00:00+00:00,6.125
2020-08-24T18:00:00+00:00,6.107
2020-08-25T00:00:00+00:00,6.091
2020-08-25T06:00:00+00:00,6.089
2020-08-25T12:00:00+00:00,6.085
2020-08-25T18:00:00+00:00,6.070
2020-08-26T00:00:00+00:00,6.046
2020-08-26T06:00:00+00:00,6.020
2020-08-26T12:00:00+00:00,5.996
2020-08-26T18:00:00+00:00,5.974
2020-08-27T00:00:00+00:00,5.953
2020-08-27T06:00:00+00:00,5.934
2020-08-27T12:00:00+00:00,5.916
2020-08-27T18:00:00+00:00,5.899
2020-08-28T00:00:00+00:00,5.881
2020-08-28T06:00:00+00:00,5.865
2020-08-28T12:00:00+00:00,5.848
2020-08-28T18:00:00+00:00,5.831
2020-08-29T00:00:00+00:00,5.814
2020-08-29T06:00:00+00:00,5.798
2020-08-29T12:00:00+00:00,5.781
2020-08-29T18:00:00+00:00,5.765
2020-08-30T00:00:00+00:00,5.748
2020-08-30T06:00:00+00:00,5.732
2020-08-30T12:00:00+00:00,5.716
2020-08-30T18:00:00+00:00,5.700
2020-08-31T00:00:00+00:00,5.683
2020-08-31T06:00:00+00:00,5.667
2020-08-31T12:00:00+00:00,5.651
2020-08-31T18:00:00+00:00,5.635
2020-09-01T00:00:00+00:00,5.619
2020-09-01T06:00:00+00:00,5.603
2020-09-01T12:00:00+00:00,5.587
2020-09-01T18:00:00+00:00,5.572
2020-09-02T00:00:00+00:00,5.556
2020-09-02T06:00:00+00:00,5.540
2020-09-02T12:00:00+00:00,5.525
2020-09-02T18:00:00+00:00,5.509
2020-09-03T00:00:00+00:00,5.494
2020-09-03T06:00:00+00:00,5.478
2020-09-03T12:00:00+00:00,5.463
2020-09-03T18:00:00+00:00,5.448
2020-09-04T00:00:00+00:00,5.432
2020-09-04T06:00:00+00:00,5.417
2020-09-04T12:00:00+00:00,5.402
2020-09-04T18:00:00+00:00,5.387
2020-09-05T00:00:00+00:00,5.372
2020-09-05T06:00:00+00:00,5.357
2020-09-05T12:00:00+00:00,5.342
2020-09-05T18:00:00+00:00,5.327
2020-09-06T00:00:00+00:00,5.312
2020-09-06T06:00:00+00:00,5.297
2020-09-06T12:00:00+00:00,5.282
2020-09-06T18:00:00+00:00,5.268
2020-09-07T00:00:00+00:00,5.253
2020-09-07T06:00:00+00:00,5.238
2020-09-07T12:00:00+00:00,5.224
2020-09-07T18:00:00+00:00,5.209
2020-09-08T00:00:00+00:00,5.195
2020-09-08T06:00:00+00:00,5.181
2020-09-08T12:00:00+00:00,5.166
2020-09-08T18:00:00+00:00,5.152
2020-09-09T00:00:00+00:00,5.138
2020-09-09T06:00:00+00:00,5.124
2020-09-09T12:00:00+00:00,5.109
2020-09-09T18:00:00+00:00,5.095
2020-09-10T00:00:00+00:00,5.081
2020-09-10T06:00:00+00:00,5.067
2020-09-10T12:00:00+00:00,5.053
2020-09-10T18:00:00+00:00,5.039
2020-09-11T00:00:00+00:00,5.026
2020-09-11T06:00:00+00:00,5.012
2020-09-11T12:00:00+00:00,4.998
2020-09-11T18:00:00+00:00,4.984
2020-09-12T00:00:00+00:00,4.971
2020-09-12T06:00:00+00:00,4.957
2020-09-12T12:00:00+00:00,4.944
2020-09-12T18:00:00+00:00,4.930
2020-09-13T00:00:00+00:00,4.917
2020-09-13T06:00:00+00:00,4.903
2020-09-13T12:00:00+00:00,4.890
2020-09-13T18:00:00+00:00,4.876
2020-09-14T00:00:00+00:00,4.863
2020-09-14T06:00:00+00:00,4.850
2020-09-14T12:00:00+00:00,4.837
2020-09-14T18:00:00+00:00,4.824
2020-09-15T00:00:00+00:00,4.810
2020-09-15T06:00:00+00:00,4.797
2020-09-15T12:00:00+00:00,4.784
2020-09-15T18:00:00+00:00,4.771
2020-09-16T00:00:00+00:00,4.759
2020-09-16T06:00:00+00:00,4.746
2020-09-16T12:00:00+00:00,4.733
2020-09-16T18:00:00+00:00,4.720
2020-09-17T00:00:00+00:00,4.707
2020-09-17T06:00:00+00:00,4.695
2020-09-17T12:00:00+00:00,4.682
2020-09-17T18:00:00+00:00,4.669
2020-09-18T00:00:00+00:00,4.657
2020-09-18T06:00:00+00:00,4.644
2020-09-18T12:00:00+00:00,4.632
2020-09-18T18:00:00+00:00,4.619
2020-09-19T00:00:00+00:00,4.607
2020-09-19T06:00:00+00:00,4.594
2020-09-19T12:00:00+00:00,4.582
2020-09-19T18:00:00+00:00,4.570
2020-09-20T00:00:00+00:00,4.558
2020-09-20T06:00:00+00:00,4.545
2020-09-20T12:00:00+00:00,4.533
2020-09-20T18:00:00+00:00,4.521
2020-09-21T00:00:00+00:00,4.509
2020-09-21T06:00:00+00:00,4.497
2020-09-21T12:00:00+00:00,4.485
2020-09-21T18:00:00+00:00,4.543
2020-09-22T00:00:00+00:00,4.930
2020-09-22T06:00:00+00:00,5.273
2020-09-22T12:00:00+00:00,5.309
2020-09-22T18:00:00+00:00,5.139
2020-09-23T00:00:00+00:00,4.914
2020-09-23T06:00:00+00:00,4.719
2020-09-23T12:00:00+00:00,4.578
2020-09-23T18:00:00+00:00,4.483
2020-09-24T00:00:00+00:00,4.423
2020-09-24T06:00:00+00:00,4.385
2020-09-24T12:00:00+00:00,4.359
2020-09-24T18:00:00+00:00,4.333
2020-09-25T00:00:00+00:00,4.321
2020-09-25T06:00:00+00:00,4.310
2020-09-25T12:00:00+00:00,4.299
2020-09-25T18:00:00+00:00,4.287
2020-09-26T00:00:00+00:00,4.276
2020-09-26T06:00:00+00:00,4.265
2020-09-26T12:00:00+00:00,4.254
2020-09-26T18:00:00+00:00,4.242
2020-09-27T00:00:00+00:00,4.231
2020-09-27T06:00:00+00:00,4.220
2020-09-27T12:00:00+00:00,4.209
2020-09-27T18:00:00+00:00,4.275
2020-09-28T00:00:00+00:00,4.736
2020-09-28T06:00:00+00:00,5.394
2020-09-28T12:00:00+00:00,6.126
2020-09-28T18:00:00+00:00,6.441
2020-09-29T00:00:00+00:00,6.227
2020-09-29T06:00:00+00:00,5.742
2020-09-29T12:00:00+00:00,5.225
2020-09-29T18:00:00+00:00,4.804
2020-09-30T00:00:00+00:00,4.507
2020-09-30T06:00:00+00:00,4.317
2020-09-30T12:00:00+00:00,4.201
2020-09-30T18:00:00+00:00,4.124
2020-10-01T00:00:00+00:00,4.083
2020-10-01T06:00:00+00:00,4.050
2020-10-01T12:00:00+00:00,4.038
2020-10-01T18:00:00+00:00,4.026
2020-10-02T00:00:00+00:00,4.016
2020-10-02T06:00:00+00:00,4.006
2020-10-02T12:00:00+00:00,3.995
2020-10-02T18:00:00+00:00,3.985
2020-10-03T00:00:00+00:00,3.975
2020-10-03T06:00:00+00:00,3.964
2020-10-03T12:00:00+00:00,3.954
2020-10-03T18:00:00+00:00,3.944
2020-10-04T00:00:00+00:00,3.934
2020-10-04T06:00:00+00:00,3.924
2020-10-04T12:00:00+00:00,3.914
2020-10-04T18:00:00+00:00,3.903
2020-10-05T00:00:00+00:00,3.893
2020-10-05T06:00:00+00:00,3.883
2020-10-05T12:00:00+00:00,3.873
2020-10-05T18:00:00+00:00,3.864
2020-10-06T00:00:00+00:00,3.854
2020-10-06T06:00:00+00:00,3.844
2020-10-06T12:00:00+00:00,3.834
2020-10-06T18:00:00+00:00,3.824
2020-10-07T00:00:00+00:00,3.814
2020-10-07T06:00:00+00:00,3.805
2020-10-07T12:00:00+00:00,3.795
2020-10-07T18:00:00+00:00,3.785
2020-10-08T00:00:00+00:00,4.015
2020-10-08T06:00:00+00:00,5.926
2020-10-08T12:00:00+00:00,10.285
2020-10-08T18:00:00+00:00,13.242
2020-10-09T00:00:00+00:00,13.074
2020-10-09T06:00:00+00:00,11.130
2020-10-09T12:00:00+00:00,9.065
2020-10-09T18:00:00+00:00,7.745
2020-10-10T00:00:00+00:00,7.299
2020-10-10T06:00:00+00:00,7.039
2020-10-10T12:00:00+00:00,6.492
2020-10-10T18:00:00+00:00,5.754
2020-10-11T00:00:00+00:00,5.029
2020-10-11T06:00:00+00:00,4.443
2020-10-11T12:00:00+00:00,4.108
2020-10-11T18:00:00+00:00,3.893
2020-10-12T00:00:00+00:00,3.764
2020-10-12T06:00:00+00:00,3.684
2020-10-12T12:00:00+00:00,3.636
2020-10-12T18:00:00+00:00,3.602
2020-10-13T00:00:00+00:00,3.589
2020-10-13T06:00:00+00:00,3.580
2020-10-13T12:00:00+00:00,3.571
2020-10-13T18:00:00+00:00,3.562
2020-10-14T00:00:00+00:00,3.553
2020-10-14T06:00:00+00:00,3.544
2020-10-14T12:00:00+00:00,3.535
2020-10-14T18:00:00+00:00,3.526
2020-10-15T00:00:00+00:00,3.578
2020-10-15T06:00:00+00:00,4.140
2020-10-15T12:00:00+00:00,5.802
2020-10-15T18:00:00+00:00,7.406
2020-10-16T00:00:00+00:00,7.818
2020-10-16T06:00:00+00:00,7.211
2020-10-16T12:00:00+00:00,6.213
2020-10-16T18:00:00+00:00,5.268
2020-10-17T00:00:00+00:00,4.558
2020-10-17T06:00:00+00:00,4.085
2020-10-17T12:00:00+00:00,3.792
2020-10-17T18:00:00+00:00,3.617
2020-10-18T00:00:00+00:00,3.509
2020-10-18T06:00:00+00:00,3.431
2020-10-18T12:00:00+00:00,3.403
2020-10-18T18:00:00+00:00,3.391
2020-10-19T00:00:00+00:00,3.381
2020-10-19T06:00:00+00:00,3.372
2020-10-19T12:00:00+00:00,3.363
2020-10-19T18:00:00+00:00,3.355
2020-10-20T00:00:00+00:00,3.347
2020-10-20T06:00:00+00:00,3.338
2020-10-20T12:00:00+00:00,3.330
2020-10-20T18:00:00+00:00,3.412
2020-10-21T00:00:00+00:00,3.964
2020-10-21T06:00:00+00:00,5.095
2020-10-21T12:00:00+00:00,7.913
2020-10-21T18:00:00+00:00,10.235
2020-10-22T00:00:00+00:00,10.398
2020-10-22T06:00:00+00:00,9.065
2020-10-22T12:00:00+00:00,7.336
2020-10-22T18:00:00+00:00,5.846
2020-10-23T00:00:00+00:00,4.782
2020-10-23T06:00:00+00:00,4.101
2020-10-23T12:00:00+00:00,3.697
2020-10-23T18:00:00+00:00,3.460
2020-10-24T00:00:00+00:00,3.493
2020-10-24T06:00:00+00:00,4.264
2020-10-24T12:00:00+00:00,5.056
2020-10-24T18:00:00+00:00,5.202
2020-10-25T00:00:00+00:00,5.021
2020-10-25T06:00:00+00:00,5.395
2020-10-25T12:00:00+00:00,5.731
2020-10-25T18:00:00+00:00,5.522
2020-10-26T00:00:00+00:00,4.974
2020-10-26T06:00:00+00:00,4.386
2020-10-26T12:00:00+00:00,3.912
2020-10-26T18:00:00+00:00,3.584
2020-10-27T00:00:00+00:00,3.361
2020-10-27T06:00:00+00:00,3.245
2020-10-27T12:00:00+00:00,3.178
2020-10-27T18:00:00+00:00,3.139
2020-10-28T00:00:00+00:00,3.099
2020-10-28T06:00:00+00:00,3.092
2020-10-28T12:00:00+00:00,3.084
2020-10-28T18:00:00+00:00,3.077
2020-10-29T00:00:00+00:00,3.069
2020-10-29T06:00:00+00:00,3.062
2020-10-29T12:00:00+00:00,3.054
2020-10-29T18:00:00+00:00,3.055
2020-10-30T00:00:00+00:00,3.117
2020-10-30T06:00:00+00:00,3.306
2020-10-30T12:00:00+00:00,3.477
2020-10-30T18:00:00+00:00,3.507
2020-10-31T00:00:00+00:00,3.422
2020-10-31T06:00:00+00:00,3.299
2020-10-31T12:00:00+00:00,3.187
2020-10-31T18:00:00+00:00,3.103
2020-11-01T00:00:00+00:00,3.046
2020-11-01T06:00:00+00:00,3.009
2020-11-01T12:00:00+00:00,2.985
2020-11-01T18:00:00+00:00,2.968
2020-11-02T00:00:00+00:00,2.954
2020-11-02T06:00:00+00:00,2.946
2020-11-02T12:00:00+00:00,2.939
2020-11-02T18:00:00+00:00,2.932
2020-11-03T00:00:00+00:00,2.925
2020-11-03T06:00:00+00:00,2.918
2020-11-03T12:00:00+00:00,2.911
2020-11-03T18:00:00+00:00,2.904
2020-11-04T00:00:00+00:00,2.897
2020-11-04T06:00:00+00:00,2.890
2020-11-04T12:00:00+00:00,2.883
2020-11-04T18:00:00+00:00,2.876
2020-11-05T00:00:00+00:00,2.869
2020-11-05T06:00:00+00:00,2.863
2020-11-05T12:00:00+00:00,2.856
2020-11-05T18:00:00+00:00,2.849
2020-11-06T00:00:00+00:00,2.842
2020-11-06T06:00:00+00:00,2.835
2020-11-06T12:00:00+00:00,2.829
2020-11-06T18:00:00+00:00,2.822
2020-11-07T00:00:00+00:00,2.815
2020-11-07T06:00:00+00:00,2.809
2020-11-07T12:00:00+00:00,2.802
2020-11-07T18:00:00+00:00,2.795
2020-11-08T00:00:00+00:00,2.789
2020-11-08T06:00:00+00:00,2.782
2020-11-08T12:00:00+00:00,2.776
2020-11-08T18:00:00+00:00,2.769
2020-11-09T00:00:00+00:00,2.762
2020-11-09T06:00:00+00:00,2.756
2020-11-09T12:00:00+00:00,2.749
2020-11-09T18:00:00+00:00,2.769
2020-11-10T00:00:00+00:00,2.919
2020-11-10T06:00:00+00:00,3.067
2020-11-10T12:00:00+00:00,3.096
2020-11-10T18:00:00+00:00,3.032
2020-11-11T00:00:00+00:00,2.947
2020-11-11T06:00:00+00:00,2.915
2020-11-11T12:00:00+00:00,2.899
2020-11-11T18:00:00+00:00,2.866
2020-11-12T00:00:00+00:00,2.837
2020-11-12T06:00:00+00:00,2.809
2020-11-12T12:00:00+00:00,2.773
2020-11-12T18:00:00+00:00,2.734
2020-11-13T00:00:00+00:00,2.709
2020-11-13T06:00:00+00:00,2.725
2020-11-13T12:00:00+00:00,2.778
2020-11-13T18:00:00+00:00,2.806
2020-11-14T00:00:00+00:00,2.787
2020-11-14T06:00:00+00:00,2.746
2020-11-14T12:00:00+00:00,2.702
2020-11-14T18:00:00+00:00,2.665
2020-11-15T00:00:00+00:00,2.639
2020-11-15T06:00:00+00:00,2.620
2020-11-15T12:00:00+00:00,2.607
2020-11-15T18:00:00+00:00,2.705
2020-11-16T00:00:00+00:00,3.935
2020-11-16T06:00:00+00:00,8.029
2020-11-16T12:00:00+00:00,11.256
2020-11-16T18:00:00+00:00,11.430
2020-11-17T00:00:00+00:00,9.689
2020-11-17T06:00:00+00:00,7.508
2020-11-17T12:00:00+00:00,5.668
2020-11-17T18:00:00+00:00,4.373
2020-11-18T00:00:00+00:00,3.556
2020-11-18T06:00:00+00:00,3.201
2020-11-18T12:00:00+00:00,3.762
2020-11-18T18:00:00+00:00,5.639
2020-11-19T00:00:00+00:00,10.983
2020-11-19T06:00:00+00:00,17.244
2020-11-19T12:00:00+00:00,19.458
2020-11-19T18:00:00+00:00,17.433
2020-11-20T00:00:00+00:00,13.633
2020-11-20T06:00:00+00:00,9.953
2020-11-20T12:00:00+00:00,7.156
2020-11-20T18:00:00+00:00,5.301
2020-11-21T00:00:00+00:00,4.173
2020-11-21T06:00:00+00:00,3.516
2020-11-21T12:00:00+00:00,3.158
2020-11-21T18:00:00+00:00,2.904
2020-11-22T00:00:00+00:00,2.802
2020-11-22T06:00:00+00:00,2.795
2020-11-22T12:00:00+00:00,2.789
2020-11-22T18:00:00+00:00,2.782
2020-11-23T00:00:00+00:00,2.778
2020-11-23T06:00:00+00:00,2.787
2020-11-23T12:00:00+00:00,2.794
2020-11-23T18:00:00+00:00,2.789
2020-11-24T00:00:00+00:00,2.776
2020-11-24T06:00:00+00:00,2.761
2020-11-24T12:00:00+00:00,2.748
2020-11-24T18:00:00+00:00,2.736
2020-11-25T00:00:00+00:00,2.726
2020-11-25T06:00:00+00:00,2.718
2020-11-25T12:00:00+00:00,2.710
2020-11-25T18:00:00+00:00,2.703
2020-11-26T00:00:00+00:00,2.696
2020-11-26T06:00:00+00:00,2.690
2020-11-26T12:00:00+00:00,2.683
2020-11-26T18:00:00+00:00,2.677
2020-11-27T00:00:00+00:00,2.711
2020-11-27T06:00:00+00:00,2.938
2020-11-27T12:00:00+00:00,3.139
2020-11-27T18:00:00+00:00,3.160
2020-11-28T00:00:00+00:00,3.220
2020-11-28T06:00:00+00:00,4.087
2020-11-28T12:00:00+00:00,5.287
2020-11-28T18:00:00+00:00,5.765
2020-11-29T00:00:00+00:00,5.414
2020-11-29T06:00:00+00:00,4.696
2020-11-29T12:00:00+00:00,3.986
2020-11-29T18:00:00+00:00,3.441
2020-11-30T00:00:00+00:00,3.176
2020-11-30T06:00:00+00:00,3.636
2020-11-30T12:00:00+00:00,4.550
2020-11-30T18:00:00+00:00,5.054
2020-12-01T00:00:00+00:00,5.098
2020-12-01T06:00:00+00:00,4.796
2020-12-01T12:00:00+00:00,4.283
2020-12-01T18:00:00+00:00,3.783
2020-12-02T00:00:00+00:00,3.393
2020-12-02T06:00:00+00:00,3.101
2020-12-02T12:00:00+00:00,2.888
2020-12-02T18:00:00+00:00,2.740
2020-12-03T00:00:00+00:00,2.633
2020-12-03T06:00:00+00:00,2.568
2020-12-03T12:00:00+00:00,2.557
2020-12-03T18:00:00+00:00,2.793
2020-12-04T00:00:00+00:00,3.776
2020-12-04T06:00:00+00:00,4.608
2020-12-04T12:00:00+00:00,4.706
2020-12-04T18:00:00+00:00,4.323
2020-12-05T00:00:00+00:00,3.882
2020-12-05T06:00:00+00:00,3.677
2020-12-05T12:00:00+00:00,4.311
2020-12-05T18:00:00+00:00,4.897
2020-12-06T00:00:00+00:00,5.604
2020-12-06T06:00:00+00:00,9.683
2020-12-06T12:00:00+00:00,13.330
2020-12-06T18:00:00+00:00,13.611
2020-12-07T00:00:00+00:00,11.577
2020-12-07T06:00:00+00:00,8.915
2020-12-07T12:00:00+00:00,6.642
2020-12-07T18:00:00+00:00,5.146
2020-12-08T00:00:00+00:00,4.259
2020-12-08T06:00:00+00:00,3.737
2020-12-08T12:00:00+00:00,3.415
2020-12-08T18:00:00+00:00,3.161
2020-12-09T00:00:00+00:00,2.906
2020-12-09T06:00:00+00:00,2.817
2020-12-09T12:00:00+00:00,2.740
2020-12-09T18:00:00+00:00,2.674
2020-12-10T00:00:00+00:00,2.624
2020-12-10T06:00:00+00:00,2.587
2020-12-10T12:00:00+00:00,2.560
2020-12-10T18:00:00+00:00,2.544
2020-12-11T00:00:00+00:00,2.532
2020-12-11T06:00:00+00:00,2.524
2020-12-11T12:00:00+00:00,2.516
2020-12-11T18:00:00+00:00,2.509
2020-12-12T00:00:00+00:00,2.503
2020-12-12T06:00:00+00:00,2.497
2020-12-12T12:00:00+00:00,2.492
2020-12-12T18:00:00+00:00,2.486
2020-12-13T00:00:00+00:00,2.480
2020-12-13T06:00:00+00:00,2.474
2020-12-13T12:00:00+00:00,2.490
2020-12-13T18:00:00+00:00,2.745
2020-12-14T00:00:00+00:00,3.642
2020-12-14T06:00:00+00:00,4.675
2020-12-14T12:00:00+00:00,6.654
2020-12-14T18:00:00+00:00,9.792
2020-12-15T00:00:00+00:00,11.399
2020-12-15T06:00:00+00:00,10.616
2020-12-15T12:00:00+00:00,8.651
2020-12-15T18:00:00+00:00,6.617
2020-12-16T00:00:00+00:00,5.020
2020-12-16T06:00:00+00:00,3.938
2020-12-16T12:00:00+00:00,3.269
2020-12-16T18:00:00+00:00,2.870
2020-12-17T00:00:00+00:00,2.839
2020-12-17T06:00:00+00:00,3.749
2020-12-17T12:00:00+00:00,4.796
2020-12-17T18:00:00+00:00,5.188
2020-12-18T00:00:00+00:00,5.201
2020-12-18T06:00:00+00:00,5.045
2020-12-18T12:00:00+00:00,4.642
2020-12-18T18:00:00+00:00,4.085
2020-12-19T00:00:00+00:00,3.544
2020-12-19T06:00:00+00:00,3.121
2020-12-19T12:00:00+00:00,2.829
2020-12-19T18:00:00+00:00,2.977
2020-12-20T00:00:00+00:00,4.972
2020-12-20T06:00:00+00:00,7.716
2020-12-20T12:00:00+00:00,8.874
2020-12-20T18:00:00+00:00,8.212
2020-12-21T00:00:00+00:00,6.864
2020-12-21T06:00:00+00:00,6.006
2020-12-21T12:00:00+00:00,5.416
2020-12-21T18:00:00+00:00,4.754
2020-12-22T00:00:00+00:00,4.076
2020-12-22T06:00:00+00:00,3.501
2020-12-22T12:00:00+00:00,3.078
2020-12-22T18:00:00+00:00,2.763
2020-12-23T00:00:00+00:00,2.590
2020-12-23T06:00:00+00:00,2.507
2020-12-23T12:00:00+00:00,2.459
2020-12-23T18:00:00+00:00,2.430
2020-12-24T00:00:00+00:00,2.402
2020-12-24T06:00:00+00:00,2.395
2020-12-24T12:00:00+00:00,2.389
2020-12-24T18:00:00+00:00,2.383
2020-12-25T00:00:00+00:00,2.378
2020-12-25T06:00:00+00:00,2.372
2020-12-25T12:00:00+00:00,2.366
2020-12-25T18:00:00+00:00,2.361
2020-12-26T00:00:00+00:00,2.355
2020-12-26T06:00:00+00:00,2.350
2020-12-26T12:00:00+00:00,2.344
2020-12-26T18:00:00+00:00,2.338
2020-12-27T00:00:00+00:00,2.333
2020-12-27T06:00:00+00:00,2.327
2020-12-27T12:00:00+00:00,2.322
2020-12-27T18:00:00+00:00,2.316
2020-12-28T00:00:00+00:00,2.311
2020-12-28T06:00:00+00:00,2.306
2020-12-28T12:00:00+00:00,2.304
2020-12-28T18:00:00+00:00,2.324
2020-12-29T00:00:00+00:00,2.369
2020-12-29T06:00:00+00:00,2.438
2020-12-29T12:00:00+00:00,2.936
2020-12-29T18:00:00+00:00,5.156
2020-12-30T00:00:00+00:00,9.640
2020-12-30T06:00:00+00:00,12.509
2020-12-30T12:00:00+00:00,12.138
2020-12-30T18:00:00+00:00,10.133
2020-12-31T00:00:00+00:00,8.662
2020-12-31T06:00:00+00:00,8.387
2020-12-31T12:00:00+00:00,9.480
2020-12-31T18:00:00+00:00,10.086
2021-01-01T00:00:00+00:00,9.711
2021-01-01T06:00:00+00:00,8.750
2021-01-01T12:00:00+00:00,7.375
2021-01-01T18:00:00+00:00,5.889
2021-01-02T00:00:00+00:00,4.710
2021-01-02T06:00:00+00:00,3.928
2021-01-02T12:00:00+00:00,3.434
2021-01-02T18:00:00+00:00,3.125
2021-01-03T00:00:00+00:00,3.205
2021-01-03T06:00:00+00:00,3.677
2021-01-03T12:00:00+00:00,4.930
2021-01-03T18:00:00+00:00,5.931
2021-01-04T00:00:00+00:00,5.929
2021-01-04T06:00:00+00:00,5.326
2021-01-04T12:00:00+00:00,4.550
2021-01-04T18:00:00+00:00,3.840
2021-01-05T00:00:00+00:00,3.296
2021-01-05T06:00:00+00:00,2.929
2021-01-05T12:00:00+00:00,2.702
2021-01-05T18:00:00+00:00,2.682
2021-01-06T00:00:00+00:00,3.220
2021-01-06T06:00:00+00:00,3.762
2021-01-06T12:00:00+00:00,4.184
2021-01-06T18:00:00+00:00,4.262
2021-01-07T00:00:00+00:00,3.976
2021-01-07T06:00:00+00:00,3.547
2021-01-07T12:00:00+00:00,3.144
2021-01-07T18:00:00+00:00,2.848
2021-01-08T00:00:00+00:00,2.757
2021-01-08T06:00:00+00:00,2.992
2021-01-08T12:00:00+00:00,3.212
2021-01-08T18:00:00+00:00,3.190
2021-01-09T00:00:00+00:00,3.025
2021-01-09T06:00:00+00:00,2.809
2021-01-09T12:00:00+00:00,2.632
2021-01-09T18:00:00+00:00,2.512
2021-01-10T00:00:00+00:00,2.495
2021-01-10T06:00:00+00:00,2.595
2021-01-10T12:00:00+00:00,2.666
2021-01-10T18:00:00+00:00,2.674
2021-01-11T00:00:00+00:00,2.789
2021-01-11T06:00:00+00:00,2.882
2021-01-11T12:00:00+00:00,2.834
2021-01-11T18:00:00+00:00,2.703
2021-01-12T00:00:00+00:00,2.562
2021-01-12T06:00:00+00:00,2.447
2021-01-12T12:00:00+00:00,2.367
2021-01-12T18:00:00+00:00,2.384
2021-01-13T00:00:00+00:00,2.768
2021-01-13T06:00:00+00:00,3.189
2021-01-13T12:00:00+00:00,3.296
2021-01-13T18:00:00+00:00,3.133
2021-01-14T00:00:00+00:00,2.895
2021-01-14T06:00:00+00:00,2.744
2021-01-14T12:00:00+00:00,2.643
2021-01-14T18:00:00+00:00,2.538
2021-01-15T00:00:00+00:00,2.736
2021-01-15T06:00:00+00:00,4.403
2021-01-15T12:00:00+00:00,6.014
2021-01-15T18:00:00+00:00,6.313
2021-01-16T00:00:00+00:00,5.684
2021-01-16T06:00:00+00:00,4.743
2021-01-16T12:00:00+00:00,3.924
2021-01-16T18:00:00+00:00,3.612
2021-01-17T00:00:00+00:00,3.583
2021-01-17T06:00:00+00:00,3.658
2021-01-17T12:00:00+00:00,4.449
2021-01-17T18:00:00+00:00,6.927
2021-01-18T00:00:00+00:00,9.931
2021-01-18T06:00:00+00:00,13.760
2021-01-18T12:00:00+00:00,15.975
2021-01-18T18:00:00+00:00,17.805
2021-01-19T00:00:00+00:00,19.531
2021-01-19T06:00:00+00:00,18.973
2021-01-19T12:00:00+00:00,16.015
2021-01-19T18:00:00+00:00,12.343
2021-01-20T00:00:00+00:00,9.865
2021-01-20T06:00:00+00:00,13.269
2021-01-20T12:00:00+00:00,22.176
2021-01-20T18:00:00+00:00,27.650
2021-01-21T00:00:00+00:00,26.849
2021-01-21T06:00:00+00:00,22.344
2021-01-21T12:00:00+00:00,16.907
2021-01-21T18:00:00+00:00,12.316
2021-01-22T00:00:00+00:00,9.166
2021-01-22T06:00:00+00:00,7.683
2021-01-22T12:00:00+00:00,7.354
2021-01-22T18:00:00+00:00,7.132
2021-01-23T00:00:00+00:00,6.541
2021-01-23T06:00:00+00:00,5.827
2021-01-23T12:00:00+00:00,5.302
2021-01-23T18:00:00+00:00,4.891
2021-01-24T00:00:00+00:00,4.616
2021-01-24T06:00:00+00:00,4.537
2021-01-24T12:00:00+00:00,4.980
2021-01-24T18:00:00+00:00,5.416
2021-01-25T00:00:00+00:00,5.449
2021-01-25T06:00:00+00:00,5.211
2021-01-25T12:00:00+00:00,4.904
2021-01-25T18:00:00+00:00,4.632
2021-01-26T00:00:00+00:00,4.619
2021-01-26T06:00:00+00:00,5.560
2021-01-26T12:00:00+00:00,6.482
2021-01-26T18:00:00+00:00,6.618
2021-01-27T00:00:00+00:00,6.178
2021-01-27T06:00:00+00:00,5.558
2021-01-27T12:00:00+00:00,5.024
2021-01-27T18:00:00+00:00,4.650
2021-01-28T00:00:00+00:00,4.485
2021-01-28T06:00:00+00:00,4.411
2021-01-28T12:00:00+00:00,4.348
2021-01-28T18:00:00+00:00,4.420
2021-01-29T00:00:00+00:00,5.151
2021-01-29T06:00:00+00:00,7.037
2021-01-29T12:00:00+00:00,8.558
2021-01-29T18:00:00+00:00,8.762
2021-01-30T00:00:00+00:00,8.243
2021-01-30T06:00:00+00:00,7.409
2021-01-30T12:00:00+00:00,6.484
2021-01-30T18:00:00+00:00,5.808
2021-01-31T00:00:00+00:00,5.543
2021-01-31T06:00:00+00:00,5.486
2021-01-31T12:00:00+00:00,5.643
2021-01-31T18:00:00+00:00,5.707
2021-02-01T00:00:00+00:00,6.038
2021-02-01T06:00:00+00:00,7.933
2021-02-01T12:00:00+00:00,9.468
2021-02-01T18:00:00+00:00,9.359
2021-02-02T00:00:00+00:00,8.313
2021-02-02T06:00:00+00:00,7.129
2021-02-02T12:00:00+00:00,6.105
2021-02-02T18:00:00+00:00,5.308
2021-02-03T00:00:00+00:00,4.747
2021-02-03T06:00:00+00:00,4.374
2021-02-03T12:00:00+00:00,4.150
2021-02-03T18:00:00+00:00,4.013
2021-02-04T00:00:00+00:00,3.971
2021-02-04T06:00:00+00:00,4.305
2021-02-04T12:00:00+00:00,4.603
2021-02-04T18:00:00+00:00,4.630
2021-02-05T00:00:00+00:00,4.495
2021-02-05T06:00:00+00:00,4.312
2021-02-05T12:00:00+00:00,4.139
2021-02-05T18:00:00+00:00,4.003
2021-02-06T00:00:00+00:00,3.906
2021-02-06T06:00:00+00:00,3.842
2021-02-06T12:00:00+00:00,3.800
2021-02-06T18:00:00+00:00,3.772
2021-02-07T00:00:00+00:00,3.746
2021-02-07T06:00:00+00:00,3.735
2021-02-07T12:00:00+00:00,3.724
2021-02-07T18:00:00+00:00,3.713
2021-02-08T00:00:00+00:00,3.703
2021-02-08T06:00:00+00:00,3.693
2021-02-08T12:00:00+00:00,3.683
2021-02-08T18:00:00+00:00,3.673
2021-02-09T00:00:00+00:00,3.664
2021-02-09T06:00:00+00:00,3.654
2021-02-09T12:00:00+00:00,3.644
2021-02-09T18:00:00+00:00,3.634
2021-02-10T00:00:00+00:00,3.625
2021-02-10T06:00:00+00:00,3.615
2021-02-10T12:00:00+00:00,3.605
2021-02-10T18:00:00+00:00,3.598
2021-02-11T00:00:00+00:00,3.603
2021-02-11T06:00:00+00:00,3.641
2021-02-11T12:00:00+00:00,3.850
2021-02-11T18:00:00+00:00,4.232
2021-02-12T00:00:00+00:00,5.026
2021-02-12T06:00:00+00:00,5.564
2021-02-12T12:00:00+00:00,5.488
2021-02-12T18:00:00+00:00,5.055
2021-02-13T00:00:00+00:00,4.561
2021-02-13T06:00:00+00:00,4.157
2021-02-13T12:00:00+00:00,3.874
2021-02-13T18:00:00+00:00,3.694
2021-02-14T00:00:00+00:00,3.586
2021-02-14T06:00:00+00:00,3.519
2021-02-14T12:00:00+00:00,3.481
2021-02-14T18:00:00+00:00,3.596
2021-02-15T00:00:00+00:00,4.550
2021-02-15T06:00:00+00:00,5.911
2021-02-15T12:00:00+00:00,6.544
2021-02-15T18:00:00+00:00,6.273
2021-02-16T00:00:00+00:00,5.578
2021-02-16T06:00:00+00:00,4.859
2021-02-16T12:00:00+00:00,4.291
2021-02-16T18:00:00+00:00,3.901
2021-02-17T00:00:00+00:00,3.657
2021-02-17T06:00:00+00:00,3.512
2021-02-17T12:00:00+00:00,3.428
2021-02-17T18:00:00+00:00,3.364
2021-02-18T00:00:00+00:00,3.332
2021-02-18T06:00:00+00:00,3.323
2021-02-18T12:00:00+00:00,3.314
2021-02-18T18:00:00+00:00,3.305
2021-02-19T00:00:00+00:00,3.297
2021-02-19T06:00:00+00:00,3.288
2021-02-19T12:00:00+00:00,3.279
2021-02-19T18:00:00+00:00,3.271
2021-02-20T00:00:00+00:00,3.262
2021-02-20T06:00:00+00:00,3.254
2021-02-20T12:00:00+00:00,3.246
2021-02-20T18:00:00+00:00,3.237
2021-02-21T00:00:00+00:00,3.229
2021-02-21T06:00:00+00:00,3.220
2021-02-21T12:00:00+00:00,3.212
2021-02-21T18:00:00+00:00,3.204
2021-02-22T00:00:00+00:00,3.196
2021-02-22T06:00:00+00:00,3.187
2021-02-22T12:00:00+00:00,3.179
2021-02-22T18:00:00+00:00,3.171
2021-02-23T00:00:00+00:00,3.163
2021-02-23T06:00:00+00:00,3.155
2021-02-23T12:00:00+00:00,3.147
2021-02-23T18:00:00+00:00,3.138
2021-02-24T00:00:00+00:00,3.130
2021-02-24T06:00:00+00:00,3.132
2021-02-24T12:00:00+00:00,3.181
2021-02-24T18:00:00+00:00,3.226
2021-02-25T00:00:00+00:00,3.311
2021-02-25T06:00:00+00:00,3.708
2021-02-25T12:00:00+00:00,4.052
2021-02-25T18:00:00+00:00,4.091
2021-02-26T00:00:00+00:00,4.002
2021-02-26T06:00:00+00:00,3.882
2021-02-26T12:00:00+00:00,3.721
2021-02-26T18:00:00+00:00,3.567
2021-02-27T00:00:00+00:00,3.471
2021-02-27T06:00:00+00:00,3.428
2021-02-27T12:00:00+00:00,3.408
2021-02-27T18:00:00+00:00,3.422
2021-02-28T00:00:00+00:00,3.521
2021-02-28T06:00:00+00:00,3.775
2021-02-28T12:00:00+00:00,3.918
2021-02-28T18:00:00+00:00,3.959
2021-03-01T00:00:00+00:00,4.334
2021-03-01T06:00:00+00:00,4.717
2021-03-01T12:00:00+00:00,4.765
2021-03-01T18:00:00+00:00,4.521
2021-03-02T00:00:00+00:00,4.232
2021-03-02T06:00:00+00:00,4.061
2021-03-02T12:00:00+00:00,3.892
2021-03-02T18:00:00+00:00,3.709
2021-03-03T00:00:00+00:00,4.536
