data,chuva_mm
2013-11-07,0.00
2013-11-08,0.00
2013-11-09,0.00
2013-11-10,0.20
2013-11-11,4.80
2013-11-12,1.00
2013-11-13,0.20
2013-11-14,0.00
2013-11-15,0.00
2013-11-16,6.40
2013-11-17,0.40
2013-11-18,0.00
2013-11-19,1.60
2013-11-20,1.40
2013-11-21,3.20
2013-11-22,7.00
2013-11-23,0.00
2013-11-24,0.00
2013-11-25,0.00
2013-11-26,0.00
2013-11-27,0.00
2013-11-28,0.00
2013-11-29,37.00
2013-11-30,0.00
2013-12-01,0.00
2013-12-02,0.00
2013-12-03,0.00
2013-12-04,0.00
2013-12-05,17.80
2013-12-06,0.00
2013-12-07,19.20
2013-12-08,0.00
2013-12-09,0.00
2013-12-10,2.60
2013-12-11,0.60
2013-12-12,0.00
2013-12-13,0.00
2013-12-14,0.00
2013-12-15,0.00
2013-12-16,0.60
2013-12-17,0.00
2013-12-18,0.00
2013-12-19,0.00
2013-12-20,0.00
2013-12-21,0.00
2013-12-22,7.60
2013-12-23,0.00
2013-12-24,0.00
2013-12-25,1.00
2013-12-26,0.00
2013-12-27,0.00
2013-12-28,23.40
2013-12-29,1.20
2013-12-30,4.80
2013-12-31,3.40
2014-01-01,21.80
2014-01-02,0.40
2014-01-03,9.60
2014-01-04,0.00
2014-01-05,0.00
2014-01-06,11.20
2014-01-07,0.60
2014-01-08,10.40
2014-01-09,0.00
2014-01-10,0.00
2014-01-11,0.00
2014-01-12,0.00
2014-01-13,6.40
2014-01-14,0.40
2014-01-15,5.40
2014-01-16,14.00
2014-01-17,0.00
2014-01-18,1.20
2014-01-19,0.00
2014-01-20,0.00
2014-01-21,0.00
2014-01-22,0.00
2014-01-23,0.00
2014-01-24,1.20
2014-01-25,0.00
2014-01-26,0.60
2014-01-27,10.40
2014-01-28,1.00
2014-01-29,10.00
2014-01-30,0.00
2014-01-31,0.00
2014-02-01,0.00
2014-02-02,0.00
2014-02-03,0.00
2014-02-04,0.00
2014-02-05,1.40
2014-02-06,0.00
2014-02-07,0.00
2014-02-08,0.00
2014-02-09,10.20
2014-02-10,3.40
2014-02-11,0.00
2014-02-12,0.00
2014-02-13,10.00
2014-02-14,1.60
2014-02-15,8.20
2014-02-16,0.00
2014-02-17,0.00
2014-02-18,0.00
2014-02-19,0.00
2014-02-20,0.00
2014-02-21,4.60
2014-02-22,3.40
2014-02-23,17.20
2014-02-24,5.40
2014-02-25,0.00
2014-02-26,6.20
2014-02-27,51.00
2014-02-28,12.80
2014-03-01,0.00
2014-03-02,0.00
2014-03-03,0.00
2014-03-04,0.80
2014-03-05,16.60
2014-03-06,1.40
2014-03-07,0.20
2014-03-08,0.00
2014-03-09,0.00
2014-03-10,1.80
2014-03-11,0.40
2014-03-12,36.00
2014-03-13,2.80
2014-03-14,0.00
2014-03-15,0.00
2014-03-16,3.60
2014-03-17,26.80
2014-03-18,3.00
2014-03-19,2.00
2014-03-20,28.00
2014-03-21,38.20
2014-03-22,0.00
2014-03-23,0.00
2014-03-24,0.00
2014-03-25,0.00
2014-03-26,0.00
2014-03-27,0.00
2014-03-28,0.00
2014-03-29,0.40
2014-03-30,33.40
2014-03-31,1.60
2014-04-01,3.60
2014-04-02,0.00
2014-04-03,0.00
2014-04-04,0.00
2014-04-05,0.00
2014-04-06,0.00
2014-04-07,0.00
2014-04-08,0.00
2014-04-09,16.60
2014-04-10,0.20
2014-04-11,0.00
2014-04-12,7.80
2014-04-13,0.20
2014-04-14,0.40
2014-04-15,11.40
2014-04-16,0.00
2014-04-17,0.00
2014-04-18,0.00
2014-04-19,35.20
2014-04-20,0.20
2014-04-21,0.00
2014-04-22,18.40
2014-04-23,0.00
2014-04-24,16.20
2014-04-25,0.00
2014-04-26,0.00
2014-04-27,0.00
2014-04-28,0.00
2014-04-29,0.00
2014-04-30,0.00
2014-05-01,13.40
2014-05-02,0.00
2014-05-03,0.00
2014-05-04,0.00
2014-05-05,0.00
2014-05-06,0.00
2014-05-07,0.00
2014-05-08,0.00
2014-05-09,0.00
2014-05-10,0.00
2014-05-11,0.00
2014-05-12,0.00
2014-05-13,0.00
2014-05-14,1.20
2014-05-15,0.00
2014-05-16,0.00
2014-05-17,0.00
2014-05-18,0.00
2014-05-19,0.00
2014-05-20,0.00
2014-05-21,0.00
2014-05-22,44.80
2014-05-23,18.80
2014-05-24,5.20
2014-05-25,21.40
2014-05-26,32.60
2014-05-27,0.00
2014-05-28,0.00
2014-05-29,0.00
2014-05-30,0.00
2014-05-31,0.80
2014-06-01,11.40
2014-06-02,0.20
2014-06-03,0.00
2014-06-04,0.00
2014-06-05,2.00
2014-06-06,74.40
2014-06-07,12.80
2014-06-08,9.40
2014-06-09,0.60
2014-06-10,0.00
2014-06-11,0.00
2014-06-12,0.00
2014-06-13,0.00
2014-06-14,1.00
2014-06-15,0.40
2014-06-16,0.00
2014-06-17,0.00
2014-06-18,1.60
2014-06-19,0.00
2014-06-20,0.00
2014-06-21,0.00
2014-06-22,0.00
2014-06-23,0.00
2014-06-24,0.00
2014-06-25,0.00
2014-06-26,0.00
2014-06-27,0.00
2014-06-28,0.60
2014-06-29,7.60
2014-06-30,0.00
2014-07-01,0.00
2014-07-02,0.00
2014-07-03,0.00
2014-07-04,0.00
2014-07-05,0.00
2014-07-06,0.00
2014-07-07,0.20
2014-07-08,0.00
2014-07-09,14.40
2014-07-10,0.20
2014-07-11,0.00
2014-07-12,0.00
2014-07-13,0.00
2014-07-14,0.00
2014-07-15,0.00
2014-07-16,0.00
2014-07-17,0.00
2014-07-18,31.60
2014-07-19,0.00
2014-07-20,0.00
2014-07-21,0.00
2014-07-22,0.00
2014-07-23,1.60
2014-07-24,62.40
2014-07-25,0.00
2014-07-26,0.00
2014-07-27,0.00
2014-07-28,0.00
2014-07-29,0.00
2014-07-30,0.00
2014-07-31,0.00
2014-08-01,0.00
2014-08-02,0.20
2014-08-03,0.00
2014-08-04,0.00
2014-08-05,0.20
2014-08-06,0.00
2014-08-07,0.00
2014-08-08,0.00
2014-08-09,0.00
2014-08-10,0.00
2014-08-11,0.00
2014-08-12,0.00
2014-08-13,25.80
2014-08-14,0.00
2014-08-15,0.00
2014-08-16,0.00
2014-08-17,0.20
2014-08-18,0.00
2014-08-19,0.00
2014-08-20,0.00
2014-08-21,0.00
2014-08-22,0.00
2014-08-23,0.00
2014-08-24,0.00
2014-08-25,3.80
2014-08-26,1.20
2014-08-27,0.00
2014-08-28,0.00
2014-08-29,0.00
2014-08-30,0.00
2014-08-31,29.40
2014-09-01,13.80
2014-09-02,0.20
2014-09-03,20.60
2014-09-04,0.00
2014-09-05,0.00
2014-09-06,0.00
2014-09-07,13.80
2014-09-08,0.00
2014-09-09,0.00
2014-09-10,0.00
2014-09-11,0.00
2014-09-12,0.00
2014-09-13,0.00
2014-09-14,0.00
2014-09-15,0.20
2014-09-16,0.00
2014-09-17,0.00
2014-09-18,2.00
2014-09-19,9.60
2014-09-20,55.20
2014-09-21,0.20
2014-09-22,0.00
2014-09-23,0.00
2014-09-24,28.60
2014-09-25,8.80
2014-09-26,32.20
2014-09-27,12.80
2014-09-28,5.80
2014-09-29,23.20
2014-09-30,12.00
2014-10-01,40.00
2014-10-02,0.00
2014-10-03,0.00
2014-10-04,0.00
2014-10-05,0.00
2014-10-06,0.00
2014-10-07,0.00
2014-10-08,0.00
2014-10-09,0.00
2014-10-10,0.00
2014-10-11,0.00
2014-10-12,0.00
2014-10-13,0.20
2014-10-14,1.20
2014-10-15,0.00
2014-10-16,0.00
2014-10-17,0.00
2014-10-18,0.00
2014-10-19,3.60
2014-10-20,0.20
2014-10-21,0.00
2014-10-22,0.00
2014-10-23,0.00
2014-10-24,0.00
2014-10-25,0.80
2014-10-26,0.00
2014-10-27,0.00
2014-10-28,0.00
2014-10-29,0.00
2014-10-30,0.00
2014-10-31,0.00
2014-11-01,0.00
2014-11-02,0.00
2014-11-03,0.00
2014-11-04,0.00
2014-11-05,0.00
2014-11-06,0.00
2014-11-07,20.00
2014-11-08,2.80
2014-11-09,0.20
2014-11-10,0.00
2014-11-11,0.00
2014-11-12,0.00
2014-11-13,0.00
2014-11-14,5.80
2014-11-15,0.20
2014-11-16,0.00
2014-11-17,0.00
2014-11-18,0.00
2014-11-19,23.80
2014-11-20,10.80
2014-11-21,0.00
2014-11-22,47.60
2014-11-23,0.00
2014-11-24,13.60
2014-11-25,3.80
2014-11-26,0.20
2014-11-27,0.00
2014-11-28,0.00
2014-11-29,0.00
2014-11-30,0.00
2014-12-01,0.00
2014-12-02,8.40
2014-12-03,2.20
2014-12-04,11.60
2014-12-05,0.00
2014-12-06,0.00
2014-12-07,0.00
2014-12-08,12.60
2014-12-09,14.00
2014-12-10,6.00
2014-12-11,0.00
2014-12-12,0.00
2014-12-13,59.80
2014-12-14,0.00
2014-12-15,0.00
2014-12-16,0.00
2014-12-17,0.00
2014-12-18,0.00
2014-12-19,12.20
2014-12-20,10.80
2014-12-21,19.00
2014-12-22,42.00
2014-12-23,7.60
2014-12-24,3.00
2014-12-25,7.00
2014-12-26,2.40
2014-12-27,0.20
2014-12-28,1.00
2014-12-29,7.40
2014-12-30,0.00
2014-12-31,12.80
2015-01-01,7.60
2015-01-02,0.80
2015-01-03,0.00
2015-01-04,30.60
2015-01-05,0.20
2015-01-06,4.00
2015-01-07,0.00
2015-01-08,0.00
2015-01-09,0.20
2015-01-10,6.80
2015-01-11,0.00
2015-01-12,0.00
2015-01-13,0.00
2015-01-14,3.40
2015-01-15,0.00
2015-01-16,0.00
2015-01-17,0.00
2015-01-18,0.00
2015-01-19,0.00
2015-01-20,0.20
2015-01-21,0.00
2015-01-22,0.00
2015-01-23,0.20
2015-01-24,9.80
2015-01-25,1.00
2015-01-26,0.20
2015-01-27,0.00
2015-01-28,37.60
2015-01-29,18.40
2015-01-30,0.40
2015-01-31,3.20
2015-02-01,2.40
2015-02-02,6.00
2015-02-03,0.00
2015-02-04,3.40
2015-02-05,32.80
2015-02-06,0.00
2015-02-07,0.00
2015-02-08,0.00
2015-02-09,0.00
2015-02-10,12.80
2015-02-11,0.00
2015-02-12,0.00
2015-02-13,16.80
2015-02-14,3.60
2015-02-15,21.60
2015-02-16,2.20
2015-02-17,14.40
2015-02-18,7.20
2015-02-19,34.80
2015-02-20,5.40
2015-02-21,0.20
2015-02-22,0.00
2015-02-23,0.00
2015-02-24,1.00
2015-02-25,0.00
2015-02-26,0.80
2015-02-27,0.40
2015-02-28,0.20
2015-03-01,0.00
2015-03-02,0.00
2015-03-03,0.00
2015-03-04,0.00
2015-03-05,10.80
2015-03-06,1.40
2015-03-07,17.20
2015-03-08,1.00
2015-03-09,42.20
2015-03-10,1.20
2015-03-11,2.60
2015-03-12,5.20
2015-03-13,0.00
2015-03-14,22.40
2015-03-15,0.00
2015-03-16,0.00
2015-03-17,0.20
2015-03-18,0.00
2015-03-19,0.00
2015-03-20,6.20
2015-03-21,8.00
2015-03-22,1.20
2015-03-23,0.00
2015-03-24,0.00
2015-03-25,0.00
2015-03-26,0.00
2015-03-27,0.60
2015-03-28,12.20
2015-03-29,4.40
2015-03-30,7.00
2015-03-31,0.00
2015-04-01,0.00
2015-04-02,0.00
2015-04-03,0.00
2015-04-04,0.00
2015-04-05,6.20
2015-04-06,0.20
2015-04-07,0.00
2015-04-08,0.00
2015-04-09,0.00
2015-04-10,0.00
2015-04-11,0.00
2015-04-12,0.00
2015-04-13,0.00
2015-04-14,0.00
2015-04-15,1.20
2015-04-16,3.80
2015-04-17,0.00
2015-04-18,0.20
2015-04-19,1.00
2015-04-20,0.20
2015-04-21,0.60
2015-04-22,8.40
2015-04-23,0.00
2015-04-24,0.00
2015-04-25,0.00
2015-04-26,0.00
2015-04-27,0.00
2015-04-28,0.00
2015-04-29,0.00
2015-04-30,0.00
2015-05-01,0.00
2015-05-02,0.00
2015-05-03,5.60
2015-05-04,39.80
2015-05-05,0.00
2015-05-06,0.00
2015-05-07,0.00
2015-05-08,0.00
2015-05-09,0.00
2015-05-10,45.20
2015-05-11,0.00
2015-05-12,0.20
2015-05-13,0.00
2015-05-14,0.00
2015-05-15,0.00
2015-05-16,0.00
2015-05-17,0.00
2015-05-18,0.00
2015-05-19,0.00
2015-05-20,0.00
2015-05-21,0.00
2015-05-22,0.00
2015-05-23,0.00
2015-05-24,0.00
2015-05-25,29.40
2015-05-26,0.20
2015-05-27,7.60
2015-05-28,0.20
2015-05-29,0.00
2015-05-30,9.80
2015-05-31,5.20
2015-06-01,0.00
2015-06-02,0.00
2015-06-03,0.00
2015-06-04,0.00
2015-06-05,0.00
2015-06-06,0.00
2015-06-07,0.00
2015-06-08,0.00
2015-06-09,0.00
2015-06-10,0.00
2015-06-11,0.00
2015-06-12,0.00
2015-06-13,0.00
2015-06-14,0.00
2015-06-15,19.60
2015-06-16,0.00
2015-06-17,0.00
2015-06-18,0.00
2015-06-19,0.20
2015-06-20,0.00
2015-06-21,0.00
2015-06-22,0.00
2015-06-23,0.00
2015-06-24,0.00
2015-06-25,0.00
2015-06-26,0.00
2015-06-27,0.00
2015-06-28,0.00
2015-06-29,0.00
2015-06-30,18.80
2015-07-01,0.20
2015-07-02,12.80
2015-07-03,130.40
2015-07-04,8.80
2015-07-05,0.00
2015-07-06,0.00
2015-07-07,16.00
2015-07-08,36.40
2015-07-09,0.00
2015-07-10,52.60
2015-07-11,45.00
2015-07-12,9.60
2015-07-13,1.80
2015-07-14,0.00
2015-07-15,17.40
2015-07-16,0.60
2015-07-17,15.40
2015-07-18,0.00
2015-07-19,0.00
2015-07-20,0.00
2015-07-21,1.80
2015-07-22,0.00
2015-07-23,0.00
2015-07-24,1.20
2015-07-25,1.00
2015-07-26,0.00
2015-07-27,0.00
2015-07-28,0.00
2015-07-29,0.20
2015-07-30,0.00
2015-07-31,0.00
2015-08-01,0.00
2015-08-02,0.00
2015-08-03,0.00
2015-08-04,0.00
2015-08-05,0.00
2015-08-06,0.00
2015-08-07,0.00
2015-08-08,0.00
2015-08-09,0.00
2015-08-10,0.00
2015-08-11,0.00
2015-08-12,0.00
2015-08-13,0.00
2015-08-14,0.00
2015-08-15,0.00
2015-08-16,0.00
2015-08-17,0.00
2015-08-18,0.60
2015-08-19,5.20
2015-08-20,0.00
2015-08-21,0.00
2015-08-22,0.00
2015-08-23,0.00
2015-08-24,6.00
2015-08-25,10.60
2015-08-26,0.00
2015-08-27,35.00
2015-08-28,0.00
2015-08-29,0.00
2015-08-30,0.00
2015-08-31,0.00
2015-09-01,0.00
2015-09-02,0.00
2015-09-03,0.00
2015-09-04,0.00
2015-09-05,0.00
2015-09-06,1.20
2015-09-07,6.00
2015-09-08,76.40
2015-09-09,4.80
2015-09-10,28.20
2015-09-11,2.60
2015-09-12,0.00
2015-09-13,0.00
2015-09-14,0.00
2015-09-15,0.00
2015-09-16,0.00
2015-09-17,0.00
2015-09-18,11.22
2015-09-19,0.12
2015-09-20,0.00
2015-09-21,0.08
2015-09-22,0.00
2015-09-23,0.00
2015-09-24,0.00
2015-09-25,12.47
2015-09-26,16.70
2015-09-27,15.01
2015-09-28,2.17
2015-09-29,0.23
2015-09-30,6.04
2015-10-01,0.03
2015-10-02,0.11
2015-10-03,38.33
2015-10-04,0.16
2015-10-05,0.00
2015-10-06,0.00
2015-10-07,0.00
2015-10-08,0.00
2015-10-09,41.15
2015-10-10,24.85
2015-10-11,44.86
2015-10-12,18.34
2015-10-13,0.76
2015-10-14,0.00
2015-10-15,0.00
2015-10-16,0.00
2015-10-17,0.00
2015-10-18,0.00
2015-10-19,0.00
2015-10-20,0.00
2015-10-21,0.00
2015-10-22,21.28
2015-10-23,7.04
2015-10-24,0.00
2015-10-25,1.06
2015-10-26,1.25
2015-10-27,36.53
2015-10-28,0.11
2015-10-29,0.00
2015-10-30,0.00
2015-10-31,5.87
2015-11-01,8.01
2015-11-02,0.34
2015-11-03,5.91
2015-11-04,12.99
2015-11-05,3.03
2015-11-06,16.95
2015-11-07,0.00
2015-11-08,13.39
2015-11-09,3.87
2015-11-10,0.00
2015-11-11,1.13
2015-11-12,0.00
2015-11-13,2.93
2015-11-14,6.78
2015-11-15,4.32
2015-11-16,57.71
2015-11-17,29.56
2015-11-18,5.57
2015-11-19,2.11
2015-11-20,32.29
2015-11-21,3.76
2015-11-22,0.00
2015-11-23,20.23
2015-11-24,26.68
2015-11-25,5.67
2015-11-26,0.00
2015-11-27,0.00
2015-11-28,26.77
2015-11-29,1.39
2015-11-30,11.09
2015-12-01,6.64
2015-12-02,36.65
2015-12-03,21.98
2015-12-04,6.13
2015-12-05,1.31
2015-12-06,15.95
2015-12-07,3.83
2015-12-08,0.11
2015-12-09,0.00
2015-12-10,32.50
2015-12-11,19.58
2015-12-12,16.87
2015-12-13,0.00
2015-12-14,18.00
2015-12-15,1.46
2015-12-16,0.43
2015-12-17,0.00
2015-12-18,3.27
2015-12-19,25.65
2015-12-20,2.73
2015-12-21,0.00
2015-12-22,0.00
2015-12-23,16.06
2015-12-24,7.25
2015-12-25,12.33
2015-12-26,7.60
2015-12-27,7.65
2015-12-28,4.11
2015-12-29,27.40
2015-12-30,7.79
2015-12-31,5.12
2016-01-01,4.03
2016-01-02,0.68
2016-01-03,46.46
2016-01-04,1.19
2016-01-05,0.00
2016-01-06,0.52
2016-01-07,0.00
2016-01-08,0.00
2016-01-09,34.93
2016-01-10,58.81
2016-01-11,176.68
2016-01-12,27.72
2016-01-13,2.52
2016-01-14,0.11
2016-01-15,0.00
2016-01-16,0.00
2016-01-17,0.00
2016-01-18,0.00
2016-01-19,0.00
2016-01-20,0.20
2016-01-21,1.77
2016-01-22,0.00
2016-01-23,0.00
2016-01-24,0.00
2016-01-25,3.90
2016-01-26,0.11
2016-01-27,3.85
2016-01-28,0.11
2016-01-29,1.25
2016-01-30,2.37
2016-01-31,2.83
2016-02-01,0.95
2016-02-02,0.00
2016-02-03,4.12
2016-02-04,26.33
2016-02-05,0.71
2016-02-06,0.00
2016-02-07,0.46
2016-02-08,0.00
2016-02-09,0.11
2016-02-10,13.12
2016-02-11,4.14
2016-02-12,19.86
2016-02-13,0.00
2016-02-14,1.60
2016-02-15,0.34
2016-02-16,0.14
2016-02-17,32.36
2016-02-18,2.37
2016-02-19,0.00
2016-02-20,9.88
2016-02-21,52.07
2016-02-22,11.96
2016-02-23,36.84
2016-02-24,6.16
2016-02-25,9.05
2016-02-26,2.21
2016-02-27,35.86
2016-02-28,4.21
2016-02-29,0.18
2016-03-01,0.00
2016-03-02,0.40
2016-03-03,1.34
2016-03-04,0.00
2016-03-05,0.00
2016-03-06,0.00
2016-03-07,0.00
2016-03-08,0.00
2016-03-09,25.58
2016-03-10,13.54
2016-03-11,0.00
2016-03-12,0.00
2016-03-13,0.00
2016-03-14,0.00
2016-03-15,0.00
2016-03-16,1.20
2016-03-17,0.00
2016-03-18,0.00
2016-03-19,0.00
2016-03-20,0.00
2016-03-21,0.00
2016-03-22,3.36
2016-03-23,13.50
2016-03-24,0.29
2016-03-25,7.44
2016-03-26,1.85
2016-03-27,0.00
2016-03-28,0.00
2016-03-29,0.00
2016-03-30,0.00
2016-03-31,1.88
2016-04-01,0.03
2016-04-02,0.00
2016-04-03,0.00
2016-04-04,0.00
2016-04-05,0.00
2016-04-06,0.00
2016-04-07,0.00
2016-04-08,0.00
2016-04-09,0.00
2016-04-10,0.00
2016-04-11,7.16
2016-04-12,0.13
2016-04-13,0.00
2016-04-14,0.00
2016-04-15,0.00
2016-04-16,0.00
2016-04-17,0.00
2016-04-18,0.00
2016-04-19,0.00
2016-04-20,0.00
2016-04-21,0.00
2016-04-22,0.00
2016-04-23,0.00
2016-04-24,0.00
2016-04-25,6.45
2016-04-26,20.74
2016-04-27,0.16
2016-04-28,0.03
2016-04-29,0.00
2016-04-30,0.00
2016-05-01,0.00
2016-05-02,0.03
2016-05-03,0.00
2016-05-04,0.00
2016-05-05,0.00
2016-05-06,0.08
2016-05-07,0.38
2016-05-08,10.06
2016-05-09,28.47
2016-05-10,7.95
2016-05-11,0.09
2016-05-12,0.00
2016-05-13,0.00
2016-05-14,0.00
2016-05-15,0.00
2016-05-16,3.04
2016-05-17,0.00
2016-05-18,3.95
2016-05-19,0.05
2016-05-20,7.63
2016-05-21,11.71
2016-05-22,9.38
2016-05-23,0.03
2016-05-24,0.03
2016-05-25,0.00
2016-05-26,0.00
2016-05-27,3.01
2016-05-28,5.00
2016-05-29,15.90
2016-05-30,12.01
2016-05-31,1.56
2016-06-01,1.50
2016-06-02,2.23
2016-06-03,0.00
2016-06-04,6.74
2016-06-05,10.51
2016-06-06,9.11
2016-06-07,0.30
2016-06-08,0.09
2016-06-09,0.00
2016-06-10,0.00
2016-06-11,0.00
2016-06-12,0.09
2016-06-13,0.03
2016-06-14,0.00
2016-06-15,0.00
2016-06-16,0.00
2016-06-17,0.00
2016-06-18,0.00
2016-06-19,0.00
2016-06-20,3.07
2016-06-21,0.00
2016-06-22,5.11
2016-06-23,0.00
2016-06-24,0.00
2016-06-25,0.00
2016-06-26,0.00
2016-06-27,0.00
2016-06-28,0.00
2016-06-29,0.00
2016-06-30,0.00
2016-07-01,0.00
2016-07-02,0.00
2016-07-03,0.00
2016-07-04,0.00
2016-07-05,0.00
2016-07-06,0.66
2016-07-07,0.00
2016-07-08,0.00
2016-07-09,0.00
2016-07-10,0.00
2016-07-11,0.00
2016-07-12,0.00
2016-07-13,0.00
2016-07-14,0.00
2016-07-15,5.67
2016-07-16,45.69
2016-07-17,0.00
2016-07-18,0.00
2016-07-19,0.20
2016-07-20,0.00
2016-07-21,0.00
2016-07-22,0.00
2016-07-23,0.00
2016-07-24,0.00
2016-07-25,0.00
2016-07-26,0.00
2016-07-27,0.00
2016-07-28,0.00
2016-07-29,0.00
2016-07-30,0.00
2016-07-31,0.00
2016-08-01,0.00
2016-08-02,0.00
2016-08-03,0.00
2016-08-04,0.00
2016-08-05,0.00
2016-08-06,0.00
2016-08-07,0.00
2016-08-08,0.00
2016-08-09,26.52
2016-08-10,0.00
2016-08-11,0.00
2016-08-12,0.00
2016-08-13,0.00
2016-08-14,0.00
2016-08-15,3.90
2016-08-16,0.37
2016-08-17,0.00
2016-08-18,30.08
2016-08-19,3.81
2016-08-20,60.33
2016-08-21,4.50
2016-08-22,0.00
2016-08-23,0.00
2016-08-24,0.00
2016-08-25,0.00
2016-08-26,0.00
2016-08-27,0.00
2016-08-28,0.00
2016-08-29,0.00
2016-08-30,35.47
2016-08-31,2.58
2016-09-01,0.00
2016-09-02,0.00
2016-09-03,8.07
2016-09-04,13.80
2016-09-05,5.43
2016-09-06,2.63
2016-09-07,0.00
2016-09-08,0.00
2016-09-09,0.00
2016-09-10,0.00
2016-09-11,0.00
2016-09-12,0.00
2016-09-13,4.28
2016-09-14,0.78
2016-09-15,0.00
2016-09-16,0.00
2016-09-17,0.00
2016-09-18,0.13
2016-09-19,9.25
2016-09-20,0.00
2016-09-21,0.00
2016-09-22,0.00
2016-09-23,0.00
2016-09-24,0.00
2016-09-25,2.93
2016-09-26,0.00
2016-09-27,0.00
2016-09-28,0.00
2016-09-29,0.00
2016-09-30,0.00
2016-10-01,0.00
2016-10-02,0.00
2016-10-03,11.04
2016-10-04,0.30
2016-10-05,0.00
2016-10-06,0.90
2016-10-07,0.00
2016-10-08,0.00
2016-10-09,0.00
2016-10-10,0.00
2016-10-11,3.73
2016-10-12,0.05
2016-10-13,57.12
2016-10-14,37.16
2016-10-15,0.00
2016-10-16,0.00
2016-10-17,0.10
2016-10-18,0.00
2016-10-19,0.03
2016-10-20,15.86
2016-10-21,0.05
2016-10-22,0.00
2016-10-23,0.00
2016-10-24,5.45
2016-10-25,15.12
2016-10-26,22.42
2016-10-27,1.71
2016-10-28,0.00
2016-10-29,0.00
2016-10-30,0.00
2016-10-31,0.00
2016-11-01,0.00
2016-11-02,8.06
2016-11-03,0.00
2016-11-04,2.29
2016-11-05,0.00
2016-11-06,0.00
2016-11-07,1.71
2016-11-08,0.00
2016-11-09,0.00
2016-11-10,0.00
2016-11-11,2.08
2016-11-12,0.00
2016-11-13,0.20
2016-11-14,0.00
2016-11-15,0.36
2016-11-16,6.70
2016-11-17,0.05
2016-11-18,0.00
2016-11-19,0.00
2016-11-20,0.00
2016-11-21,0.00
2016-11-22,0.00
2016-11-23,0.00
2016-11-24,0.00
2016-11-25,0.22
2016-11-26,0.00
2016-11-27,10.33
2016-11-28,27.84
2016-11-29,1.97
2016-11-30,0.00
2016-12-01,0.00
2016-12-02,0.00
2016-12-03,24.10
2016-12-04,0.00
2016-12-05,0.00
2016-12-06,0.00
2016-12-07,0.03
2016-12-08,1.44
2016-12-09,16.29
2016-12-10,24.50
2016-12-11,4.42
2016-12-12,1.13
2016-12-13,0.00
2016-12-14,0.00
2016-12-15,0.00
2016-12-16,0.00
2016-12-17,0.00
2016-12-18,0.00
2016-12-19,4.97
2016-12-20,3.89
2016-12-21,2.62
2016-12-22,0.48
2016-12-23,1.20
2016-12-24,0.14
2016-12-25,0.00
2016-12-26,0.00
2016-12-27,0.00
2016-12-28,12.99
2016-12-29,0.00
2016-12-30,0.60
2016-12-31,22.38
2017-01-01,26.46
2017-01-02,1.98
2017-01-03,0.03
2017-01-04,4.18
2017-01-05,32.93
2017-01-06,52.91
2017-01-07,0.08
2017-01-08,0.05
2017-01-09,5.75
2017-01-10,0.11
2017-01-11,0.10
2017-01-12,5.63
2017-01-13,0.00
2017-01-14,0.00
2017-01-15,5.91
2017-01-16,11.04
2017-01-17,2.24
2017-01-18,28.32
2017-01-19,0.32
2017-01-20,0.45
2017-01-21,0.00
2017-01-22,3.05
2017-01-23,11.96
2017-01-24,0.11
2017-01-25,29.81
2017-01-26,0.14
2017-01-27,0.11
2017-01-28,3.53
2017-01-29,4.96
2017-01-30,8.13
2017-01-31,0.41
2017-02-01,0.03
2017-02-02,5.09
2017-02-03,6.54
2017-02-04,6.76
2017-02-05,0.32
2017-02-06,0.05
2017-02-07,0.00
2017-02-08,0.00
2017-02-09,0.10
2017-02-10,0.00
2017-02-11,0.00
2017-02-12,8.23
2017-02-13,23.38
2017-02-14,19.20
2017-02-15,0.00
2017-02-16,1.11
2017-02-17,0.00
2017-02-18,0.00
2017-02-19,0.00
2017-02-20,0.00
2017-02-21,0.00
2017-02-22,0.00
2017-02-23,5.56
2017-02-24,6.47
2017-02-25,0.08
2017-02-26,0.00
2017-02-27,0.00
2017-02-28,0.03
2017-03-01,31.51
2017-03-02,4.65
2017-03-03,4.67
2017-03-04,4.74
2017-03-05,3.67
2017-03-06,0.34
2017-03-07,0.22
2017-03-08,0.00
2017-03-09,0.00
2017-03-10,1.78
2017-03-11,0.00
2017-03-12,10.43
2017-03-13,1.00
2017-03-14,0.00
2017-03-15,0.00
2017-03-16,5.88
2017-03-17,6.47
2017-03-18,3.84
2017-03-19,0.00
2017-03-20,0.00
2017-03-21,0.00
2017-03-22,0.00
2017-03-23,0.00
2017-03-24,0.00
2017-03-25,0.14
2017-03-26,0.00
2017-03-27,5.89
2017-03-28,0.00
2017-03-29,0.00
2017-03-30,0.00
2017-03-31,0.00
2017-04-01,0.00
2017-04-02,0.00
2017-04-03,0.00
2017-04-04,0.00
2017-04-05,49.43
2017-04-06,22.93
2017-04-07,0.00
2017-04-08,0.00
2017-04-09,0.00
2017-04-10,0.00
2017-04-11,0.46
2017-04-12,9.03
2017-04-13,0.16
2017-04-14,0.00
2017-04-15,0.00
2017-04-16,0.11
2017-04-17,0.00
2017-04-18,0.00
2017-04-19,0.00
2017-04-20,25.58
2017-04-21,2.80
2017-04-22,0.05
2017-04-23,0.00
2017-04-24,0.00
2017-04-25,0.00
2017-04-26,19.44
2017-04-27,0.00
2017-04-28,0.00
2017-04-29,0.00
2017-04-30,0.00
2017-05-01,7.21
2017-05-02,0.74
2017-05-03,0.00
2017-05-04,42.71
2017-05-05,11.14
2017-05-06,0.11
2017-05-07,0.00
2017-05-08,0.00
2017-05-09,0.00
2017-05-10,0.00
2017-05-11,0.00
2017-05-12,0.00
2017-05-13,0.00
2017-05-14,4.48
2017-05-15,0.00
2017-05-16,0.00
2017-05-17,0.00
2017-05-18,23.39
2017-05-19,29.19
2017-05-20,1.42
2017-05-21,23.87
2017-05-22,0.63
2017-05-23,0.00
2017-05-24,0.00
2017-05-25,0.00
2017-05-26,0.00
2017-05-27,0.00
2017-05-28,0.00
2017-05-29,0.00
2017-05-30,0.00
2017-05-31,0.74
2017-06-01,0.03
2017-06-02,0.00
2017-06-03,0.00
2017-06-04,0.00
2017-06-05,96.84
2017-06-06,17.48
2017-06-07,12.21
2017-06-08,0.84
2017-06-09,3.13
2017-06-10,0.00
2017-06-11,0.00
2017-06-12,0.00
2017-06-13,7.91
2017-06-14,0.33
2017-06-15,0.11
2017-06-16,0.00
2017-06-17,0.00
2017-06-18,0.00
2017-06-19,2.20
2017-06-20,8.80
2017-06-21,0.33
2017-06-22,0.00
2017-06-23,0.00
2017-06-24,0.00
2017-06-25,0.00
2017-06-26,0.00
2017-06-27,0.00
2017-06-28,0.00
2017-06-29,0.00
2017-06-30,0.00
2017-07-01,0.00
2017-07-02,0.00
2017-07-03,0.00
2017-07-04,0.16
2017-07-05,0.00
2017-07-06,0.00
2017-07-07,0.00
2017-07-08,0.00
2017-07-09,0.00
2017-07-10,0.00
2017-07-11,0.00
2017-07-12,0.00
2017-07-13,0.00
2017-07-14,0.00
2017-07-15,0.00
2017-07-16,0.00
2017-07-17,0.00
2017-07-18,0.03
2017-07-19,0.03
2017-07-20,0.00
2017-07-21,0.00
2017-07-22,0.00
2017-07-23,0.00
2017-07-24,0.00
2017-07-25,0.00
2017-07-26,0.00
2017-07-27,0.00
2017-07-28,0.00
2017-07-29,0.00
2017-07-30,0.00
2017-07-31,0.00
2017-08-01,0.00
2017-08-02,0.00
2017-08-03,3.59
2017-08-04,0.09
2017-08-05,0.00
2017-08-06,0.00
2017-08-07,0.00
2017-08-08,0.00
2017-08-09,0.00
2017-08-10,0.00
2017-08-11,0.00
2017-08-12,0.00
2017-08-13,2.69
2017-08-14,0.92
2017-08-15,21.51
2017-08-16,6.22
2017-08-17,1.14
2017-08-18,0.36
2017-08-19,11.13
2017-08-20,7.53
2017-08-21,0.65
2017-08-22,0.00
2017-08-23,0.00
2017-08-24,0.00
2017-08-25,0.00
2017-08-26,0.00
2017-08-27,0.00
2017-08-28,0.00
2017-08-29,0.00
2017-08-30,0.00
2017-08-31,0.00
2017-09-01,0.00
2017-09-02,0.00
2017-09-03,0.00
2017-09-04,0.00
2017-09-05,0.00
2017-09-06,0.00
2017-09-07,0.00
2017-09-08,0.00
2017-09-09,0.00
2017-09-10,0.00
2017-09-11,0.00
2017-09-12,0.00
2017-09-13,0.00
2017-09-14,0.00
2017-09-15,0.00
2017-09-16,0.00
2017-09-17,0.00
2017-09-18,0.00
2017-09-19,0.00
2017-09-20,0.00
2017-09-21,0.00
2017-09-22,0.00
2017-09-23,0.00
2017-09-24,0.00
2017-09-25,0.00
2017-09-26,0.00
2017-09-27,1.56
2017-09-28,0.27
2017-09-29,9.88
2017-09-30,0.98
2017-10-01,2.36
2017-10-02,13.46
2017-10-03,0.11
2017-10-04,0.23
2017-10-05,0.00
2017-10-06,3.08
2017-10-07,37.40
2017-10-08,15.85
2017-10-09,0.19
2017-10-10,0.00
2017-10-11,0.00
2017-10-12,0.00
2017-10-13,0.00
2017-10-14,1.04
2017-10-15,0.00
2017-10-16,0.00
2017-10-17,0.00
2017-10-18,0.00
2017-10-19,3.60
2017-10-20,0.11
2017-10-21,5.01
2017-10-22,17.00
2017-10-23,0.11
2017-10-24,0.00
2017-10-25,0.53
2017-10-26,48.00
2017-10-27,77.58
2017-10-28,0.11
2017-10-29,5.85
2017-10-30,60.93
2017-10-31,0.03
2017-11-01,0.00
2017-11-02,0.00
2017-11-03,15.66
2017-11-04,39.27
2017-11-05,11.53
2017-11-06,0.16
2017-11-07,0.00
2017-11-08,20.86
2017-11-09,0.11
2017-11-10,21.70
2017-11-11,0.19
2017-11-12,0.00
2017-11-13,0.00
2017-11-14,0.00
2017-11-15,0.00
2017-11-16,0.00
2017-11-17,16.91
2017-11-18,9.37
2017-11-19,0.00
2017-11-20,0.28
2017-11-21,37.60
2017-11-22,0.39
2017-11-23,0.00
2017-11-24,0.00
2017-11-25,15.63
2017-11-26,8.36
2017-11-27,16.26
2017-11-28,0.00
2017-11-29,0.00
2017-11-30,0.00
2017-12-01,0.00
2017-12-02,0.00
2017-12-03,0.00
2017-12-04,0.00
2017-12-05,0.00
2017-12-06,0.00
2017-12-07,6.27
2017-12-08,0.11
2017-12-09,0.74
2017-12-10,0.00
2017-12-11,0.00
2017-12-12,0.00
2017-12-13,0.00
2017-12-14,0.00
2017-12-15,0.00
2017-12-16,0.00
2017-12-17,0.00
2017-12-18,21.39
2017-12-19,0.11
2017-12-20,8.51
2017-12-21,50.25
2017-12-22,14.73
2017-12-23,8.04
2017-12-24,35.98
2017-12-25,32.53
2017-12-26,10.09
2017-12-27,8.31
2017-12-28,4.26
2017-12-29,9.18
2017-12-30,15.62
2017-12-31,0.22
2018-01-01,3.79
2018-01-02,42.05
2018-01-03,0.11
2018-01-04,0.00
2018-01-05,0.00
2018-01-06,3.77
2018-01-07,0.19
2018-01-08,0.87
2018-01-09,20.08
2018-01-10,14.15
2018-01-11,0.64
2018-01-12,15.95
2018-01-13,16.33
2018-01-14,4.08
2018-01-15,22.99
2018-01-16,12.81
2018-01-17,29.02
2018-01-18,15.18
2018-01-19,32.02
2018-01-20,0.14
2018-01-21,0.00
2018-01-22,0.00
2018-01-23,0.00
2018-01-24,12.04
2018-01-25,0.47
2018-01-26,0.00
2018-01-27,0.00
2018-01-28,1.00
2018-01-29,7.92
2018-01-30,6.66
2018-01-31,0.00
2018-02-01,0.00
2018-02-02,0.00
2018-02-03,0.00
2018-02-04,0.00
2018-02-05,0.00
2018-02-06,0.00
2018-02-07,0.00
2018-02-08,0.00
2018-02-09,6.78
2018-02-10,41.21
2018-02-11,48.65
2018-02-12,8.56
2018-02-13,30.80
2018-02-14,0.00
2018-02-15,0.37
2018-02-16,0.00
2018-02-17,0.06
2018-02-18,0.17
2018-02-19,19.45
2018-02-20,12.61
2018-02-21,0.00
2018-02-22,0.00
2018-02-23,0.05
2018-02-24,0.00
2018-02-25,0.00
2018-02-26,0.00
2018-02-27,0.11
2018-02-28,10.59
2018-03-01,0.16
2018-03-02,0.22
2018-03-03,36.70
2018-03-04,2.10
2018-03-05,0.00
2018-03-06,0.00
2018-03-07,3.04
2018-03-08,15.87
2018-03-09,2.86
2018-03-10,5.41
2018-03-11,2.13
2018-03-12,0.00
2018-03-13,0.03
2018-03-14,0.48
2018-03-15,0.27
2018-03-16,7.49
2018-03-17,0.00
2018-03-18,0.00
2018-03-19,0.05
2018-03-20,3.80
2018-03-21,8.62
2018-03-22,0.00
2018-03-23,0.11
2018-03-24,0.23
2018-03-25,16.09
2018-03-26,21.38
2018-03-27,2.71
2018-03-28,0.00
2018-03-29,0.05
2018-03-30,0.00
2018-03-31,0.36
2018-04-01,9.29
2018-04-02,2.82
2018-04-03,0.00
2018-04-04,0.00
2018-04-05,0.00
2018-04-06,0.00
2018-04-07,0.00
2018-04-08,0.00
2018-04-09,0.00
2018-04-10,0.00
2018-04-11,0.00
2018-04-12,0.00
2018-04-13,0.00
2018-04-14,0.00
2018-04-15,0.37
2018-04-16,0.00
2018-04-17,0.00
2018-04-18,0.00
2018-04-19,0.00
2018-04-20,0.00
2018-04-21,0.00
2018-04-22,0.00
2018-04-23,0.00
2018-04-24,0.00
2018-04-25,0.00
2018-04-26,0.00
2018-04-27,0.00
2018-04-28,0.00
2018-04-29,0.00
2018-04-30,0.00
2018-05-01,0.00
2018-05-02,0.00
2018-05-03,0.00
2018-05-04,0.00
2018-05-05,0.00
2018-05-06,0.00
2018-05-07,0.00
2018-05-08,0.00
2018-05-09,0.00
2018-05-10,0.00
2018-05-11,0.00
2018-05-12,0.00
2018-05-13,0.00
2018-05-14,0.00
2018-05-15,0.00
2018-05-16,2.64
2018-05-17,0.00
2018-05-18,0.00
2018-05-19,30.40
2018-05-20,0.00
2018-05-21,0.00
2018-05-22,0.00
2018-05-23,0.00
2018-05-24,0.42
2018-05-25,2.37
2018-05-26,0.00
2018-05-27,0.00
2018-05-28,0.00
2018-05-29,0.00
2018-05-30,0.00
2018-05-31,0.00
2018-06-01,1.87
2018-06-02,7.41
2018-06-03,1.00
2018-06-04,0.00
2018-06-05,0.37
2018-06-06,0.14
2018-06-07,0.55
2018-06-08,0.00
2018-06-09,0.00
2018-06-10,0.00
2018-06-11,0.00
2018-06-12,24.33
2018-06-13,2.43
2018-06-14,0.03
2018-06-15,0.11
2018-06-16,0.00
2018-06-17,0.00
2018-06-18,0.00
2018-06-19,0.00
2018-06-20,0.00
2018-06-21,0.00
2018-06-22,0.00
2018-06-23,0.00
2018-06-24,0.00
2018-06-25,0.00
2018-06-26,0.17
2018-06-27,7.23
2018-06-28,0.34
2018-06-29,0.00
2018-06-30,0.00
2018-07-01,0.00
2018-07-02,0.00
2018-07-03,0.00
2018-07-04,0.00
2018-07-05,0.00
2018-07-06,0.00
2018-07-07,0.00
2018-07-08,0.00
2018-07-09,0.00
2018-07-10,0.00
2018-07-11,0.00
2018-07-12,0.00
2018-07-13,0.00
2018-07-14,0.00
2018-07-15,0.00
2018-07-16,0.00
2018-07-17,0.00
2018-07-18,0.79
2018-07-19,0.00
2018-07-20,0.00
2018-07-21,0.00
2018-07-22,0.00
2018-07-23,0.00
2018-07-24,0.00
2018-07-25,0.00
2018-07-26,0.00
2018-07-27,0.00
2018-07-28,0.00
2018-07-29,0.00
2018-07-30,0.00
2018-07-31,4.53
2018-08-01,0.00
2018-08-02,0.00
2018-08-03,85.92
2018-08-04,11.76
2018-08-05,2.35
2018-08-06,5.47
2018-08-07,0.00
2018-08-08,4.83
2018-08-09,22.15
2018-08-10,0.00
2018-08-11,0.00
2018-08-12,0.00
2018-08-13,0.00
2018-08-14,0.00
2018-08-15,0.00
2018-08-16,0.00
2018-08-17,0.00
2018-08-18,0.00
2018-08-19,0.00
2018-08-20,0.00
2018-08-21,0.00
2018-08-22,2.07
2018-08-23,4.42
2018-08-24,10.20
2018-08-25,20.72
2018-08-26,0.00
2018-08-27,0.00
2018-08-28,0.00
2018-08-29,0.00
2018-08-30,0.00
2018-08-31,0.00
2018-09-01,3.07
2018-09-02,13.28
2018-09-03,0.52
2018-09-04,1.27
2018-09-05,0.00
2018-09-06,0.00
2018-09-07,0.00
2018-09-08,0.00
2018-09-09,0.00
2018-09-10,0.00
2018-09-11,0.00
2018-09-12,0.00
2018-09-13,0.00
2018-09-14,8.60
2018-09-15,0.00
2018-09-16,0.20
2018-09-17,30.71
2018-09-18,0.14
2018-09-19,14.50
2018-09-20,31.77
2018-09-21,0.16
2018-09-22,0.00
2018-09-23,0.00
2018-09-24,0.00
2018-09-25,0.00
2018-09-26,0.05
2018-09-27,12.59
2018-09-28,0.00
2018-09-29,0.00
2018-09-30,15.06
2018-10-01,0.14
2018-10-02,1.60
2018-10-03,25.35
2018-10-04,41.75
2018-10-05,0.14
2018-10-06,0.00
2018-10-07,0.00
2018-10-08,73.16
2018-10-09,0.14
2018-10-10,1.39
2018-10-11,2.28
2018-10-12,0.00
2018-10-13,0.51
2018-10-14,5.91
2018-10-15,16.88
2018-10-16,0.52
2018-10-17,34.19
2018-10-18,15.97
2018-10-19,0.17
2018-10-20,0.00
2018-10-21,0.00
2018-10-22,0.00
2018-10-23,22.07
2018-10-24,23.20
2018-10-25,12.13
2018-10-26,27.79
2018-10-27,22.31
2018-10-28,0.00
2018-10-29,0.00
2018-10-30,0.00
2018-10-31,11.28
2018-11-01,14.71
2018-11-02,0.14
2018-11-03,0.10
2018-11-04,0.03
2018-11-05,0.00
2018-11-06,0.00
2018-11-07,0.00
2018-11-08,0.00
2018-11-09,0.00
2018-11-10,0.00
2018-11-11,0.00
2018-11-12,0.00
2018-11-13,0.00
2018-11-14,0.00
2018-11-15,0.00
2018-11-16,0.00
2018-11-17,0.00
2018-11-18,61.57
2018-11-19,0.14
2018-11-20,0.00
2018-11-21,0.00
2018-11-22,0.00
2018-11-23,36.46
2018-11-24,8.73
2018-11-25,0.00
2018-11-26,0.00
2018-11-27,0.00
2018-11-28,0.00
2018-11-29,1.31
2018-11-30,1.16
2018-12-01,0.42
2018-12-02,0.23
2018-12-03,7.80
2018-12-04,1.07
2018-12-05,0.00
2018-12-06,0.00
2018-12-07,0.00
2018-12-08,0.00
2018-12-09,0.00
2018-12-10,0.00
2018-12-11,0.00
2018-12-12,0.00
2018-12-13,0.31
2018-12-14,2.16
2018-12-15,0.00
2018-12-16,31.76
2018-12-17,4.87
2018-12-18,0.03
2018-12-19,0.10
2018-12-20,0.00
2018-12-21,2.84
2018-12-22,4.44
2018-12-23,1.67
2018-12-24,7.89
2018-12-25,0.00
2018-12-26,0.71
2018-12-27,0.00
2018-12-28,3.97
2018-12-29,0.03
2018-12-30,3.50
2018-12-31,4.85
2019-01-01,0.03
2019-01-02,6.74
2019-01-03,1.94
2019-01-04,14.26
2019-01-05,22.16
2019-01-06,8.50
2019-01-07,16.66
2019-01-08,6.38
2019-01-09,2.97
2019-01-10,0.11
2019-01-11,4.60
2019-01-12,4.12
2019-01-13,17.69
2019-01-14,1.42
2019-01-15,3.50
2019-01-16,15.72
2019-01-17,0.14
2019-01-18,0.00
2019-01-19,10.35
2019-01-20,0.11
2019-01-21,0.00
2019-01-22,0.37
2019-01-23,1.06
2019-01-24,0.03
2019-01-25,0.00
2019-01-26,0.91
2019-01-27,9.26
2019-01-28,0.08
2019-01-29,0.00
2019-01-30,0.65
2019-01-31,0.00
2019-02-01,0.00
2019-02-02,0.00
2019-02-03,0.00
2019-02-04,0.00
2019-02-05,0.38
2019-02-06,0.77
2019-02-07,0.00
2019-02-08,0.00
2019-02-09,0.00
2019-02-10,11.88
2019-02-11,15.87
2019-02-12,32.74
2019-02-13,1.29
2019-02-14,0.00
2019-02-15,27.90
2019-02-16,6.46
2019-02-17,1.29
2019-02-18,9.50
2019-02-19,12.22
2019-02-20,10.39
2019-02-21,0.05
2019-02-22,0.11
2019-02-23,0.00
2019-02-24,2.31
2019-02-25,55.93
2019-02-26,75.92
2019-02-27,9.79
2019-02-28,1.25
2019-03-01,0.00
2019-03-02,0.23
2019-03-03,0.00
2019-03-04,0.00
2019-03-05,0.00
2019-03-06,16.29
2019-03-07,42.77
2019-03-08,17.70
2019-03-09,17.33
2019-03-10,4.19
2019-03-11,0.00
2019-03-12,0.00
2019-03-13,4.15
2019-03-14,0.11
2019-03-15,26.25
2019-03-16,5.55
2019-03-17,4.76
2019-03-18,0.97
2019-03-19,7.63
2019-03-20,15.63
2019-03-21,0.92
2019-03-22,0.00
2019-03-23,0.00
2019-03-24,0.00
2019-03-25,0.05
2019-03-26,0.00
2019-03-27,0.00
2019-03-28,0.00
2019-03-29,0.00
2019-03-30,0.00
2019-03-31,0.00
2019-04-01,0.00
2019-04-02,0.00
2019-04-03,0.00
2019-04-04,0.00
2019-04-05,0.30
2019-04-06,0.25
2019-04-07,4.56
2019-04-08,0.00
2019-04-09,0.34
2019-04-10,0.00
2019-04-11,0.00
2019-04-12,0.00
2019-04-13,0.05
2019-04-14,0.33
2019-04-15,0.00
2019-04-16,2.53
2019-04-17,0.17
2019-04-18,0.05
2019-04-19,0.00
2019-04-20,0.00
2019-04-21,0.00
2019-04-22,0.06
2019-04-23,0.00
2019-04-24,0.00
2019-04-25,0.52
2019-04-26,3.10
2019-04-27,5.52
2019-04-28,47.33
2019-04-29,0.19
2019-04-30,0.00
2019-05-01,0.00
2019-05-02,0.00
2019-05-03,0.00
2019-05-04,0.00
2019-05-05,0.00
2019-05-06,0.29
2019-05-07,10.15
2019-05-08,0.06
2019-05-09,0.00
2019-05-10,0.00
2019-05-11,12.87
2019-05-12,3.53
2019-05-13,0.00
2019-05-14,0.00
2019-05-15,0.06
2019-05-16,0.09
2019-05-17,0.00
2019-05-18,0.00
2019-05-19,0.00
2019-05-20,0.00
2019-05-21,0.05
2019-05-22,0.00
2019-05-23,19.52
2019-05-24,23.81
2019-05-25,0.00
2019-05-26,0.00
2019-05-27,0.05
2019-05-28,9.38
2019-05-29,2.09
2019-05-30,1.43
2019-05-31,6.55
2019-06-01,14.30
2019-06-02,27.11
2019-06-03,17.48
2019-06-04,0.05
2019-06-05,0.00
2019-06-06,0.00
2019-06-07,0.05
2019-06-08,0.05
2019-06-09,0.00
2019-06-10,0.00
2019-06-11,0.05
2019-06-12,0.00
2019-06-13,0.00
2019-06-14,0.00
2019-06-15,0.05
2019-06-16,0.00
2019-06-17,0.05
2019-06-18,0.00
2019-06-19,0.00
2019-06-20,0.00
2019-06-21,0.00
2019-06-22,0.05
2019-06-23,0.05
2019-06-24,0.00
2019-06-25,0.05
2019-06-26,2.04
2019-06-27,0.22
2019-06-28,0.00
2019-06-29,0.00
2019-06-30,0.00
2019-07-01,0.00
2019-07-02,0.00
2019-07-03,15.09
2019-07-04,18.16
2019-07-05,14.06
2019-07-06,0.00
2019-07-07,0.03
2019-07-08,0.00
2019-07-09,0.05
2019-07-10,0.00
2019-07-11,0.05
2019-07-12,0.00
2019-07-13,0.00
2019-07-14,0.00
2019-07-15,3.77
2019-07-16,0.20
2019-07-17,0.00
2019-07-18,0.05
2019-07-19,0.00
2019-07-20,0.00
2019-07-21,0.00
2019-07-22,0.00
2019-07-23,0.00
2019-07-24,0.05
2019-07-25,0.00
2019-07-26,0.00
2019-07-27,0.00
2019-07-28,0.00
2019-07-29,0.00
2019-07-30,0.00
2019-07-31,0.05
2019-08-01,0.00
2019-08-02,0.00
2019-08-03,0.03
2019-08-04,0.13
2019-08-05,0.00
2019-08-06,0.00
2019-08-07,0.00
2019-08-08,0.00
2019-08-09,0.07
2019-08-10,0.00
2019-08-11,0.00
2019-08-12,0.00
2019-08-13,0.00
2019-08-14,0.00
2019-08-15,0.00
2019-08-16,0.00
2019-08-17,0.00
2019-08-18,0.00
2019-08-19,0.45
2019-08-20,0.00
2019-08-21,0.00
2019-08-22,0.00
2019-08-23,0.74
2019-08-24,0.00
2019-08-25,0.00
2019-08-26,0.00
2019-08-27,0.00
2019-08-28,0.00
2019-08-29,0.00
2019-08-30,0.00
2019-08-31,3.32
2019-09-01,32.51
2019-09-02,8.49
2019-09-03,18.68
2019-09-04,0.33
2019-09-05,0.00
2019-09-06,0.00
2019-09-07,0.00
2019-09-08,0.00
2019-09-09,0.00
2019-09-10,0.00
2019-09-11,0.00
2019-09-12,0.00
2019-09-13,0.10
2019-09-14,0.03
2019-09-15,0.62
2019-09-16,0.00
2019-09-17,0.16
2019-09-18,0.00
2019-09-19,1.47
2019-09-20,2.96
2019-09-21,3.62
2019-09-22,0.00
2019-09-23,0.00
2019-09-24,0.00
2019-09-25,6.81
2019-09-26,0.00
2019-09-27,0.00
2019-09-28,0.00
2019-09-29,0.00
2019-09-30,0.00
2019-10-01,0.00
2019-10-02,0.00
2019-10-03,18.67
2019-10-04,0.00
2019-10-05,0.00
2019-10-06,3.68
2019-10-07,15.23
2019-10-08,0.00
2019-10-09,0.00
2019-10-10,0.00
2019-10-11,0.00
2019-10-12,0.00
2019-10-13,1.22
2019-10-14,6.57
2019-10-15,0.03
2019-10-16,0.03
2019-10-17,0.00
2019-10-18,2.29
2019-10-19,7.31
2019-10-20,0.00
2019-10-21,12.22
2019-10-22,0.00
2019-10-23,0.00
2019-10-24,0.79
2019-10-25,0.00
2019-10-26,0.00
2019-10-27,0.00
2019-10-28,20.19
2019-10-29,0.25
2019-10-30,0.14
2019-10-31,0.00
2019-11-01,0.00
2019-11-02,0.00
2019-11-03,0.00
2019-11-04,0.00
2019-11-05,7.86
2019-11-06,0.20
2019-11-07,0.03
2019-11-08,14.96
2019-11-09,0.14
2019-11-10,17.60
2019-11-11,0.05
2019-11-12,0.00
2019-11-13,2.72
2019-11-14,28.02
2019-11-15,0.03
2019-11-16,0.00
2019-11-17,0.00
2019-11-18,0.00
2019-11-19,0.00
2019-11-20,0.00
2019-11-21,0.00
2019-11-22,0.00
2019-11-23,22.78
2019-11-24,2.17
2019-11-25,0.00
2019-11-26,0.00
2019-11-27,12.06
2019-11-28,1.83
2019-11-29,0.05
2019-11-30,0.00
2019-12-01,4.66
2019-12-02,0.19
2019-12-03,4.30
2019-12-04,3.63
2019-12-05,48.75
2019-12-06,2.43
2019-12-07,0.00
2019-12-08,0.00
2019-12-09,4.87
2019-12-10,0.00
2019-12-11,16.54
2019-12-12,2.16
2019-12-13,0.00
2019-12-14,4.79
2019-12-15,17.27
2019-12-16,54.65
2019-12-17,16.46
2019-12-18,14.77
2019-12-19,1.17
2019-12-20,0.27
2019-12-21,28.10
2019-12-22,1.25
2019-12-23,0.00
2019-12-24,0.00
2019-12-25,0.00
2019-12-26,0.00
2019-12-27,0.00
2019-12-28,0.00
2019-12-29,0.00
2019-12-30,0.00
2019-12-31,0.00
2020-01-01,5.57
2020-01-02,1.09
2020-01-03,18.31
2020-01-04,1.20
2020-01-05,0.00
2020-01-06,1.72
2020-01-07,35.66
2020-01-08,2.12
2020-01-09,6.07
2020-01-10,5.56
2020-01-11,5.14
2020-01-12,6.86
2020-01-13,0.33
2020-01-14,0.14
2020-01-15,0.00
2020-01-16,0.13
2020-01-17,0.23
2020-01-18,0.00
2020-01-19,0.00
2020-01-20,0.00
2020-01-21,0.00
2020-01-22,0.00
2020-01-23,4.89
2020-01-24,0.31
2020-01-25,0.00
2020-01-26,0.00
2020-01-27,0.00
2020-01-28,0.00
2020-01-29,0.00
2020-01-30,3.96
2020-01-31,0.06
2020-02-01,2.35
2020-02-02,27.34
2020-02-03,14.74
2020-02-04,0.22
2020-02-05,0.21
2020-02-06,18.00
2020-02-07,2.15
2020-02-08,1.02
2020-02-09,0.16
2020-02-10,1.36
2020-02-11,0.57
2020-02-12,0.11
2020-02-13,0.00
2020-02-14,0.00
2020-02-15,0.00
2020-02-16,0.00
2020-02-17,0.00
2020-02-18,0.00
2020-02-19,1.71
2020-02-20,7.81
2020-02-21,0.00
2020-02-22,5.52
2020-02-23,0.00
2020-02-24,0.00
2020-02-25,6.71
2020-02-26,19.27
2020-02-27,0.00
2020-02-28,0.00
2020-02-29,0.00
2020-03-01,0.00
2020-03-02,0.00
2020-03-03,0.90
2020-03-04,0.10
2020-03-05,0.00
2020-03-06,0.00
2020-03-07,0.00
2020-03-08,5.76
2020-03-09,0.00
2020-03-10,0.00
2020-03-11,0.00
2020-03-12,0.00
2020-03-13,0.00
2020-03-14,0.00
2020-03-15,0.52
2020-03-16,4.02
2020-03-17,2.11
2020-03-18,7.87
2020-03-19,50.38
2020-03-20,9.71
2020-03-21,0.03
2020-03-22,0.00
2020-03-23,0.00
2020-03-24,0.00
2020-03-25,0.00
2020-03-26,0.00
2020-03-27,0.00
2020-03-28,0.00
2020-03-29,13.60
2020-03-30,0.00
2020-03-31,0.00
2020-04-01,0.00
2020-04-02,0.00
2020-04-03,0.00
2020-04-04,0.00
2020-04-05,0.00
2020-04-06,13.01
2020-04-07,0.22
2020-04-08,0.00
2020-04-09,0.00
2020-04-10,0.00
2020-04-11,0.00
2020-04-12,0.00
2020-04-13,0.03
2020-04-14,14.35
2020-04-15,0.03
2020-04-16,0.00
2020-04-17,0.00
2020-04-18,0.00
2020-04-19,0.00
2020-04-20,0.00
2020-04-21,0.00
2020-04-22,0.00
2020-04-23,0.00
2020-04-24,0.03
2020-04-25,0.00
2020-04-26,0.00
2020-04-27,0.00
2020-04-28,0.00
2020-04-29,0.00
2020-04-30,0.00
2020-05-01,0.05
2020-05-02,0.00
2020-05-03,0.00
2020-05-04,0.00
2020-05-05,0.03
2020-05-06,0.00
2020-05-07,0.00
2020-05-08,0.00
2020-05-09,0.00
2020-05-10,0.00
2020-05-11,0.00
2020-05-12,0.00
2020-05-13,23.50
2020-05-14,2.23
2020-05-15,0.00
2020-05-16,0.00
2020-05-17,0.03
2020-05-18,0.00
2020-05-19,0.03
2020-05-20,0.00
2020-05-21,0.00
2020-05-22,50.97
2020-05-23,1.63
2020-05-24,0.00
2020-05-25,0.00
2020-05-26,0.03
2020-05-27,0.03
2020-05-28,0.00
2020-05-29,0.00
2020-05-30,0.00
2020-05-31,0.00
2020-06-01,1.14
2020-06-02,25.55
2020-06-03,1.80
2020-06-04,8.60
2020-06-05,3.13
2020-06-06,4.72
2020-06-07,0.00
2020-06-08,0.00
2020-06-09,0.00
2020-06-10,0.00
2020-06-11,0.00
2020-06-12,0.00
2020-06-13,0.00
2020-06-14,0.00
2020-06-15,0.00
2020-06-16,0.00
2020-06-17,0.00
2020-06-18,0.00
2020-06-19,0.00
2020-06-20,0.00
2020-06-21,0.00
2020-06-22,0.00
2020-06-23,0.00
2020-06-24,0.00
2020-06-25,9.53
2020-06-26,54.61
2020-06-27,55.88
2020-06-28,0.13
2020-06-29,0.00
2020-06-30,10.14
2020-07-01,2.15
2020-07-02,0.00
2020-07-03,0.00
2020-07-04,0.00
2020-07-05,0.00
2020-07-06,0.11
2020-07-07,0.20
2020-07-08,0.65
2020-07-09,0.05
2020-07-10,0.00
2020-07-11,0.00
2020-07-12,0.00
2020-07-13,0.16
2020-07-14,1.11
2020-07-15,0.00
2020-07-16,0.00
2020-07-17,0.00
2020-07-18,0.21
2020-07-19,0.00
2020-07-20,0.00
2020-07-21,0.00
2020-07-22,0.00
2020-07-23,0.00
2020-07-24,0.00
2020-07-25,0.00
2020-07-26,0.26
2020-07-27,0.00
2020-07-28,0.00
2020-07-29,6.58
2020-07-30,0.08
2020-07-31,0.00
2020-08-01,0.00
2020-08-02,0.00
2020-08-03,0.00
2020-08-04,0.00
2020-08-05,0.00
2020-08-06,0.00
2020-08-07,0.00
2020-08-08,0.00
2020-08-09,0.00
2020-08-10,0.00
2020-08-11,0.00
2020-08-12,0.00
2020-08-13,14.10
2020-08-14,5.24
2020-08-15,10.45
2020-08-16,26.39
2020-08-17,23.67
2020-08-18,24.85
2020-08-19,22.73
2020-08-20,23.02
2020-08-21,0.58
2020-08-22,0.03
2020-08-23,0.00
2020-08-24,0.11
2020-08-25,0.00
2020-08-26,0.00
2020-08-27,0.00
2020-08-28,0.00
2020-08-29,0.00
2020-08-30,0.00
2020-08-31,0.00
2020-09-01,0.00
2020-09-02,0.00
2020-09-03,0.00
2020-09-04,0.00
2020-09-05,0.00
2020-09-06,0.00
2020-09-07,0.00
2020-09-08,0.00
2020-09-09,0.00
2020-09-10,0.00
2020-09-11,0.00
2020-09-12,0.00
2020-09-13,0.00
2020-09-14,0.00
2020-09-15,0.00
2020-09-16,0.00
2020-09-17,0.00
2020-09-18,0.00
2020-09-19,0.00
2020-09-20,0.00
2020-09-21,2.81
2020-09-22,0.00
2020-09-23,0.00
2020-09-24,0.00
2020-09-25,0.00
2020-09-26,0.00
2020-09-27,4.41
2020-09-28,3.99
2020-09-29,0.00
2020-09-30,0.00
2020-10-01,0.00
2020-10-02,0.00
2020-10-03,0.00
2020-10-04,0.00
2020-10-05,0.00
2020-10-06,0.00
2020-10-07,9.65
2020-10-08,22.25
2020-10-09,8.35
2020-10-10,0.00
2020-10-11,0.00
2020-10-12,0.00
2020-10-13,0.00
2020-10-14,2.43
2020-10-15,12.39
2020-10-16,0.05
2020-10-17,0.00
2020-10-18,0.00
2020-10-19,0.00
2020-10-20,5.35
2020-10-21,19.51
2020-10-22,0.00
2020-10-23,6.15
2020-10-24,6.43
2020-10-25,0.08
2020-10-26,0.00
2020-10-27,0.00
2020-10-28,0.00
2020-10-29,1.36
2020-10-30,0.29
2020-10-31,0.00
2020-11-01,0.00
2020-11-02,0.00
2020-11-03,0.00
2020-11-04,0.00
2020-11-05,0.00
2020-11-06,0.00
2020-11-07,0.00
2020-11-08,0.00
2020-11-09,1.21
2020-11-10,0.39
2020-11-11,0.16
2020-11-12,0.23
2020-11-13,0.29
2020-11-14,0.00
2020-11-15,29.33
2020-11-16,0.05
2020-11-17,0.00
2020-11-18,49.34
2020-11-19,0.05
2020-11-20,0.00
2020-11-21,0.00
2020-11-22,0.11
2020-11-23,0.00
2020-11-24,0.00
2020-11-25,0.00
2020-11-26,1.64
2020-11-27,6.40
2020-11-28,3.58
2020-11-29,4.17
2020-11-30,5.57
2020-12-01,0.41
2020-12-02,0.00
2020-12-03,7.24
2020-12-04,0.90
2020-12-05,34.72
2020-12-06,1.69
2020-12-07,1.72
2020-12-08,0.21
2020-12-09,0.00
2020-12-10,0.00
2020-12-11,0.00
2020-12-12,0.00
2020-12-13,6.84
2020-12-14,24.69
2020-12-15,0.00
2020-12-16,7.08
2020-12-17,5.34
2020-12-18,0.13
2020-12-19,19.07
2020-12-20,4.20
2020-12-21,0.11
2020-12-22,0.00
2020-12-23,0.00
2020-12-24,0.00
2020-12-25,0.00
2020-12-26,0.00
2020-12-27,0.00
2020-12-28,0.37
2020-12-29,32.71
2020-12-30,8.96
2020-12-31,14.27
2021-01-01,0.76
2021-01-02,3.56
2021-01-03,8.26
2021-01-04,0.00
2021-01-05,4.35
2021-01-06,2.68
2021-01-07,2.58
2021-01-08,0.16
2021-01-09,1.11
2021-01-10,1.42
2021-01-11,0.00
2021-01-12,3.41
2021-01-13,0.58
2021-01-14,12.17
2021-01-15,1.42
2021-01-16,3.83
2021-01-17,37.84
2021-01-18,24.58
2021-01-19,21.30
2021-01-20,24.45
2021-01-21,3.64
2021-01-22,3.30
2021-01-23,0.00
2021-01-24,3.98
2021-01-25,7.47
2021-01-26,0.48
2021-01-27,0.63
2021-01-28,14.21
2021-01-29,4.38
2021-01-30,3.24
2021-01-31,15.01
2021-02-01,1.29
2021-02-02,0.00
2021-02-03,2.55
2021-02-04,0.16
2021-02-05,0.00
2021-02-06,0.00
2021-02-07,0.00
2021-02-08,0.00
2021-02-09,0.00
2021-02-10,0.10
2021-02-11,7.02
2021-02-12,0.00
2021-02-13,0.00
2021-02-14,10.31
2021-02-15,0.08
2021-02-16,0.00
2021-02-17,0.00
2021-02-18,0.00
2021-02-19,0.00
2021-02-20,0.00
2021-02-21,0.00
2021-02-22,0.00
2021-02-23,0.00
2021-02-24,2.20
2021-02-25,2.69
2021-02-26,0.00
2021-02-27,0.00
2021-02-28,4.20
2021-03-01,1.68
2021-03-02,45.79
2021-03-03,7.80
2021-03-04,7.50
2021-03-05,13.80
2021-03-06,8.00
2021-03-07,5.70
2021-03-08,0.20
2021-03-09,3.70
2021-03-10,0.00
